record_type,term_type,slug,era_slug,material_slug,object_kind_slug,concept_slugs,related_term_slugs,title_zh_hans,accession_number,dynasty_zh_hans,material_zh_hans,search_colors_zh_hans,search_materials_zh_hans,summary_zh_hans,overview_zh_hans,hero_image,craft_title_zh_hans,craft_summary_zh_hans,craft_image,culture_title_zh_hans,culture_body_zh_hans,culture_image_1,culture_image_1_caption_zh_hans,featured_on_home,hero_subtitle_zh_hans,intro_label_zh_hans,intro_body_zh_hans,intro_image_1,section_1_heading_zh_hans,section_1_body_zh_hans,section_1_image_1,glossary_step_1_title_zh_hans,glossary_step_1_body_zh_hans,glossary_step_1_image,video_title_zh_hans,video_image,related_object_slugs,reference_labels_zh_hans,reference_hrefs,period_label_zh_hans,years_zh_hans,home_caption_line_1_zh_hans,home_caption_line_2_zh_hans,section_1_image_2,section_1_image_3,section_1_image_4,section_1_image_1_caption_zh_hans,section_1_image_2_caption_zh_hans,section_1_image_3_caption_zh_hans,section_1_image_4_caption_zh_hans,section_2_heading_zh_hans,section_2_body_zh_hans,section_2_image_1,section_2_image_1_caption_zh_hans,home_image,intro_image_1_caption_zh_hans
object,,han-cuojinyinboshan-lu,han,metalwork,stove,ritual-order||harmony,incense-culture||afterlife-belief,错金银博山炉,No. 2026-001,汉,青铜器,,青铜器||香炉||博山炉,西汉熏香器具，满城汉墓出土，通体错金银云雷纹，代表西汉金属细工最高水平。,"这件西汉错金铜博山炉1968年出土于河北满城中山靖王刘胜墓，因其造型象征传说中的海上仙山“博山”而得名，是一件用于焚香的青铜熏炉，现为河北博物院的镇馆之宝之一，并在1993年被定为国宝级文物。它通高26厘米，足径9.7厘米，重3.4千克，整体呈青铜器中的豆形，分为炉座、炉盘与炉盖三部分，各部分为分别铸造后再以铁钉精准铆合。

||炉座为喇叭形，底部圈足饰以细金丝错出的卷云纹。座把采用透雕手法，雕出三条腾出波涛的蛟龙，龙头高昂向上，稳稳托住上方的炉盘，呈现出承托仙山、连通大海的态势，象征着汉代人想象中浩瀚无垠的海上世界。炉盖与炉盘上部和炉体呈子母口可以随意开合，便于放入香料。最显眼的是炉盘上部和炉盖一体铸成，呈高低起伏、挺拔峻峭的层峦叠嶂之状，最高处是尖锥状的山形，周围有左右次高点，这便是汉代人心中神异的仙山“博山”。

||整个炉体通身以错金工艺装饰，细密的金色纹路或堪比发丝。炉体之上饰以行云流水般的云气纹，线条圆转流畅，与山峦融为一体，极富灵动之气。在山形的最高点及次高点，分别蹲踞着灵动可爱的顽猴，它们或蹲踞于山巅，或骑于兽背嬉戏玩耍；山间还有虎豹奔走，猎人们身背弓弩在山中巡猎，定格了两千多年前的山林狩猎场景。炉盖因循山势，在山峦中巧妙设置了隐蔽的镂孔。当炉盘腹内放置的香料被点燃，一缕缕青烟便从这些镂空中袅袅升腾，缥缈地萦绕于层峦叠嶂与珍禽异兽之间，仿佛一座云雾缭绕的真实仙山。",/images/objects/han-cuojinyinboshan-lu/hero.png,错金,亦称“金银错”，是汉代最为流行和发达的装饰工艺之一。东汉许慎《说文解字》释曰：“错，金涂也”，意指将黄金涂抹或镶嵌于器物表面。这项工艺在战国时期已见端倪，发展至西汉达到了炉火纯青的巅峰阶段。,/images/objects/han-cuojinyinboshan-lu/craft-01.png,文化解读,"这件西汉错金铜博山炉不仅仅是一件精美的青铜器，更是打开汉代人精神世界的一把钥匙。它从两个维度向今人揭示了那个时代的风尚与信仰：既是汉代贵族精致生活方式的物质载体，也是将当时弥漫于社会的仙道信仰，以视觉艺术和嗅觉体验融为一体的奇幻世界。
||在汉代，博山炉的实用性远不止于驱散污浊气味。与早期直接焚烧有浓烟的草木香料不同，丝绸之路的畅通使得大量珍贵的树脂类香料（如龙脑香、苏合香）传入中原，催生了更加清雅、温和的熏香方式，这背后是贵族阶层对生活品质极致追求的物质基础。熏香深深嵌入了贵族的日常生活：不仅能用于居室清新空气、安神静心，还能在宴饮、歌舞时营造幽静雅致的氛围。《汉官仪》记载，官员向皇帝奏事之前，有“女侍执香炉烧薰”，自己也要“口含鸡舌香”，以保持口气芬芳。香由此成为社交礼仪中不可或缺的一环，关乎尊严与礼节。与此同时，炉身通体错金，细腻的纹饰与精密的铸造无不彰显着不凡。墓主中山靖王刘胜以骄奢淫逸著称，墓中随葬品极尽奢华，这件“高定”香炉正是其身份与雄厚财力的绝对象征，印证了博山炉多出现于帝王贵族高等级墓葬中的考古事实。
||焚香除味仅仅是它的实用功能，真正赋予这件器物不朽魅力的，是它所构建的通往仙境的通感艺术。整件器物就是一座可视化的海上仙山：工匠在炉盖和炉盘上铸造出高低起伏的山峦，象征着传说中的蓬莱、方丈、瀛洲等神仙居所，以及其上遍布的珍禽异兽和长生仙草。山间静态的错金云气纹，与穿行的动态神兽、猎人，共同构成了一个充满生机的仙界图景，体现了“天人合一”的和谐理念。更为精妙的是，它打通了视觉、嗅觉乃至触觉的感官壁垒，开创了一种前所未有的通感艺术。当炉腹内香料被点燃，一缕缕青烟便从山峦间隐秘的镂孔中袅袅升起，在错金的流光中缥缈缠绕，如云似雾，笼罩着峰峦和生灵，仙山便“活”了过来。此时的博山炉不再是静止的青铜器，而成了咫尺之间云雾缭绕的仙境幻象。这背后，是根植于秦汉时期流行的神仙方术思想——人们坚信东海之上有仙山，那里居住着神仙，藏有长生不老的秘密。因此，这件博山炉寄托了墓主刘胜“生时享乐，死后升仙”的终极梦想。可以想见，当刘胜在袅袅青烟中醉生梦死，他便将自己视为那仙山上逍遥自在的神仙本尊。
||两千年前的某个夜晚，中山靖王府内烛光摇曳，一缕幽香从这件精美绝伦的铜炉中升起，似云非云，似雾非雾，将整个厅堂笼罩在神仙居所般的氛围里。那一刻，它不再是一件器物，而是将汉代人对现世的极致享受与对来世的长生之梦一同凝固在时空中的文化瑰宝。",/images/objects/han-cuojinyinboshan-lu/culture-01.png,宋徽宗赵佶《听琴图》,,,,,,,,,,,,,,,河北省博物馆,https://3d.hebeimuseum.org.cn/linlangSecond/index.html?wwId=1938c4b45709b4b2f8c9534605e9295f,,,,,,,,,,,,,,,,,
object,,han-ruishoubojuwenliujintong-jing,han,metalwork,mirror,ritual-order||harmony,afterlife-belief,瑞兽博局纹鎏金铜镜,No. 2026-002,汉,青铜器,,青铜器||铜镜||鎏金,该镜出土于湖南长沙伍家岭211号西汉后期墓，是西汉时期的珍贵文物。,此镜 直径18.6厘米，缘厚0.6厘米。因埋藏两千余年，镜体已裂为数块，后经今人精心修复，镜背鎏金因岁月侵蚀颜色略显暗淡。出土时置于直径约25厘米的漆镜奁中，漆奁虽朽毁，但此镜仍完好留存。||铜镜背面的纹饰布局，以“博局纹”（亦称规矩纹或TLV纹）为骨架，构建了一个“内方外圆”的宇宙秩序微缩模型。镜背中心为半球状 圆钮，其基座为精美的 四叶纹钮座，象征四季。外 围双线方框，代表“大地” 。方框外四面正中伸出“T”形纹，外区相应位置有“L”形纹与之相对；方框四角外有“V”形纹。“T”、“L”、“V”这一排列，构成了汉代 “四方八极” 的宇宙图式。关于这一神秘纹饰的起源，学界主要有两种解读：一是其布局与古代六博棋局极为相似，因此被命名为 “博局纹” ；二是其形状与木工工具中的“规”（画圆）和“矩”（画方）相似，象征着 “天圆地方” 的宇宙观，故又被称为 “规矩纹” 。在这套宇宙框架间，点缀着 青龙、白虎、朱雀、玄武 四神，间饰 羽人、独角兽、有翼兽 等瑞兽，空白处满铺连绵 云气纹，营造出密不透风、繁缛华丽的仙界图景。近镜缘处饰有 短斜线纹一周，线条锐利分明。||镜缘铸有五十二字铭文带一周，字体介于篆、隶之间，书写规整，流畅疏朗。此镜铭文表达了人民希望国家安宁，子孙昌盛的愿望。中国国家博物馆将这面铜镜上的“中国”二字解读为大汉王朝的代称。当时，外有匈奴侵扰，内有诸侯内乱，铭文表达了饱受战乱之苦的民众对国家统一、社会安宁的深切渴望。,/images/objects/han-ruishoubojuwenliujintong-jing/hero.png,错金,亦称“金银错”，是汉代最为流行和发达的装饰工艺之一。东汉许慎《说文解字》释曰：“错，金涂也”，意指将黄金涂抹或镶嵌于器物表面。这项工艺在战国时期已见端倪，发展至西汉达到了炉火纯青的巅峰阶段。,/images/objects/han-ruishoubojuwenliujintong-jing/craft-01.png,文化解读,“中国大宁”瑞兽博局纹鎏金铜镜的纹饰与铭文，共同构筑了一套完整的汉代宇宙秩序图景。这件直径18.6厘米的铜镜，以镜面为天、镜背为地，将古人“天圆地方”的宇宙观念、阴阳五行的哲学思想与家国一体的政治诉求凝为一体，成为新莽时期政治合法性与文化符号相互交织的生动见证。||镜背纹饰最显著的特征，是“内方外圆”的构图格局。圆形镜体象征“天道曰圆”，而镜背中央的方形边框则象征“地道曰方”。《淮南子·天文训》有言：“天道曰圆，地道曰方”，天圆地方说在汉初已很流行，古人认为天比地大，铜镜纹饰中方框以内的部分比以外的部分小，方框以内的纹饰主要表现“地道”。镜钮可视为大地的中心，以钮孔为中心形成子午线分出南、北；道家的宇宙观认为天下分东、南、西、北四方加中央，中央属土，人们只能在大地上生存，镜钮就是大地的中心。四叶纹钮座则暗合“四方”之意，将天地人三才之道浓缩于方寸之间。方框与圆镜的对比，以最简洁的视觉语言表达了天人之间既相区别又相统一的哲学关系，传递出法天象地、与宇宙同构的秩序感。在这一宇宙框架之内，博局纹（即TLV纹）构成了镜背纹饰的核心骨架。所谓博局纹，是西汉晚期至新莽时期铜镜上大量出现的T、L、V形三组符号。其定名素有争议：有学者因其形似伏羲、女娲手持的“规”“矩”工具，称之为“规矩纹”，反映了古人对天地秩序的把握；亦有学者据新莽铜镜“刻具博局去不祥”的铭文，认定其为“博局纹”，即当时流行的六博棋局图案。但无论名称如何，学界普遍认同这套符号代表了天地宇宙的秩序和规律。它所形成的“四方八极”经典图式，将镜背严整地划分为八个方向区域，使铜镜成为一幅微缩的宇宙方位图。T、L、V符号的布局远非装饰随意，T象征四方之间，L象征四维，V象征四海，严格对应了汉代所认知的世界结构与时空秩序。在博局纹搭建的宇宙框架之间，青龙、白虎、朱雀、玄武四神严格遵循方位配置：青龙居东方，白虎镇西方，朱雀守南方，玄武护北方，与十二地支的方位划分一一对应。又有羽人、独角兽、有翼兽等神异祥瑞漫游其间，空白处满铺连绵不断的云气纹，使得整个镜背呈现出繁缛复杂、密不透风的景象。值得注意的是，青龙、白虎、双角兽的形象设计大胆新奇，突破了内外区的人为界限，令神兽仿佛在天地之间自由飞驰，反映出西汉时期盛行的阴阳五行和神仙迷信思想。四神及其他瑞兽既是祥瑞的象征，也承载着引导使用者与天地沟通、趋吉避凶的功能寓意，与博局纹的天地框架相结合，共同营造出“天人感应”的仙界氛围。||环绕这整套天地纹饰的镜缘外侧，铸有一周五十二字篆书阳铭，书写规整，流畅疏朗。全文曰：“圣人之作镜兮，取气于五行。生于道康兮，咸有文章。光象日月，其质清刚。以视玉容兮，辟去不祥。中国大宁，子孙益昌。黄裳元吉，有纪纲。”这段铭文融合了道家宇宙论与儒家政治理想，从五行之气谈到铜镜的光洁质地，前半部分以五行论证铜镜的神圣来源，中期“光象日月，其质清刚”将器物属性与道德追求相统一，最终落脚于“辟去不祥”——而真正的“不祥”不仅是家庭灾祸，更是国家战乱与无道失序。铭文的精妙之处在于，它将个人照容纳入了国家祈愿的序列之中：镜中映出的不仅是个人形貌，更是一国百姓集体安宁的象征。其中“中国大宁”四字，祈盼大汉帝国和平与安宁，“子孙益昌”寄托了世世代代繁荣昌盛的家族愿景。与西周“宅兹中国”的地理中心意义不同，这里的“中国”已从地理中心升华为统一的汉帝国政治实体，长沙虽远离政治中心，也当然属于中国。末句“黄裳元吉，有纪纲”——“黄裳元吉”出自《周易》坤卦爻辞，“元吉”为大吉之兆；“纪纲”即法度与秩序——既是个人修身齐家的行为要求，更是国家长治久安的根本所在，与纹饰中博局纹所构建的秩序框架形成视觉与文本的双重呼应。||从纹饰的天地框架，到四神瑞兽的方位配列，再到铭文对天下秩序的祈愿，“中国大宁”铜镜将“天圆地方”的宇宙观、“阴阳五行”的哲学体系与“家国一体”的政治理想融为一体。它不仅是汉代铸造工艺、鎏金技艺和铜镜纹样设计的高峰，更代表了新莽时期统治者将文化符号政治化、借助器物传播意识形态的独特策略，承载了当时社会对和平安定、子孙昌盛最质朴也最深远的集体梦想。,/images/objects/han-ruishoubojuwenliujintong-jing/culture-01.png,六博棋局图案,,,,,,,,,,,,,,,中国国家博物馆,https://www.chnmuseum.cn/zp/zpml/kgfjp/202203/t20220322_254468.shtml,,,,,,,,,,,,,,,,,
object,,han-mawangduihanmutxingbo-hua,han,textile,painting,ritual-order,afterlife-belief,马王堆汉墓T形帛画,No. 2026-003,汉,织绣,黑色||红色,丝绢||颜料,1972年出土于湖南省长沙市东郊东屯渡乡（今芙蓉区马王堆街道），是马王堆汉墓的众多随葬品之一，现藏湖南省博物馆。,"长沙马王堆一号汉墓T形帛画是西汉初期（约公元前2世纪）的绢本设色画作，1972年出土于湖南省长沙市芙蓉区马王堆汉墓一号墓，现收藏于湖南博物院。该帛画因外形呈英文字母“T”形而获此通称，是迄今发现的时代最早、保存最为完整的汉代独幅绘画作品之一。

帛画以三幅单层棕色细绢拼合而成，整体呈上宽下窄的倒T字形。通长205厘米，上端宽92厘米，下端宽47.7厘米。顶端横裹一根竹竿，便于张举悬挂；上部两角与下部两端缀有青黑色麻质绦带。全幅以细墨线勾勒轮廓，以朱红、土黄、灰蓝、棕褐等矿物颜料平涂设色，色彩浓烈而层次分明。帛画自上而下依次描绘了天界、人间与地下三部分景象，以有序的层次构建了当时人们观念中的宇宙图景。",/images/objects/han-mawangduihanmutxingbo-hua/hero.png,帛画,帛画是指中国传统绢本画以前的以白色丝帛为材料的绘画。 它不同于绢画或其他织物画，采用百分之百头道 桑蚕丝，不浆、不矾、不托，运用 工笔重彩 的技法绘制而成。 帛画的色彩用的是朱砂、石青、 石绿 等 矿物颜料，丰富而鲜艳，如 马王堆一号汉墓帛画；也有用用墨兼用白粉绘制的，如 人物龙凤帛画。,/images/objects/han-mawangduihanmutxingbo-hua/craft-01.png,文化解读,天界部分，画在上端最宽阔的地方。右上角，一轮红日，日中有金乌，日下的扶桑树间，还有8个太阳。左上角一弯新月，月上有蟾蜍和玉兔，月下画着奔月的嫦娥。日、月之间，端坐着一个披发的人首蛇身天帝，一条红色的长尾自环于周围，天上有一道天门，有守卫的门吏。另有神龙、神鸟和异兽相衬，显得天界的威严和神圣。画面的下窄部分，上为人间下为地下。人间以玉璧为界划分成上下两层，上层是墓主人的升天，下层是对墓主人的祭祀。本图是墓主人升天图像。墓主人拄杖，面向西方，前有小吏迎接，后有侍从护送，很有气魄。人间之下有一巨人赤身裸体，可能是地神，双手举起一白色平台。象征着大地。平台之下，即古人通称的水府（黄泉），巨人脚踏鲸鯢，胯下有蛇，使人感到阴沉昏暗。||汉人传承前代的丧葬制度和传统，认为人死后，附在人身的魂魄要与尸体离散。离散以后，成了野鬼，人便享受不到后人的祭祀，还会惊扰后人。因此，必须想方设法使离散的魂魄能够回来附于尸体入葬墓内，葬制上叫做招魂复魄。招魂，便是制作招魂幡，让游魂识别幡上画了墓主人形象，自己归来。复魄，便是出殡前将灵柩在家停放数日，魄也能附体。一般做法是，灵柩停放在堂上，把画妥的招魂幡，古人称做铭旌，竖在柩前。出殡时，举在柩前，一路引导到葬地，经过祭祀告别仪式，放在棺上。如果有多层棺，则放在最里的一层棺上，随着下葬，这样，魂随幡，魄随棺，同入墓内。T形帛画就是一种招魂幡。招回的魂，得以升天，魄能入地为安，完成了后人的心愿。这种丧葬习俗，至今还能有所遗留。T形帛画出土时，帛画上端裹着一根竹竿，就是当时用来挂画张举的。||该帛画是西汉初期丧葬制度与宗教信仰的实物载体。据墓中随葬器物清单“遣策”记载，此帛画原名“非衣”（一说“飞衣”）；学术界亦有“铭旌”“魂幡”等不同定名，但普遍认为它在丧葬仪式中承担引魂升天、标识墓主神灵的核心功能，出殡时张举引路，下葬时覆盖于内棺之上。帛画图像多可与《楚辞》等先秦文献中的神话相印证，造型风格与战国楚墓帛画存在明确的源流关系。在绘画技法上，帛画以墨线勾勒为主，辅以色彩平涂，线条流畅、布局周密、人物形象写实而富于神采，反映出西汉早期绘画艺术的高度成熟。该帛画不仅是破解秦汉时期古人宇宙观、生命观的重要钥匙，在中国绘画史上亦具有里程碑意义。,/images/objects/han-mawangduihanmutxingbo-hua/culture-01.png,帛画中的纹样解读,,,,,,,,,,,,,,,湖南省博物馆,https://www.hnmuseum.com/zh-hans/node/7369,,,,,,,,,,,,,,,,,
object,,han-yizisunchukuo-yubi,han,,bi,ritual-order||vessel-and-meaning,afterlife-belief,宜子孙出廓玉璧,No. 2026-004,汉,玉石器,白色||青色,和田玉||墨玉,东汉时期玉器，出土于邗江老虎墩汉墓,玉璧高9厘米、直径7厘米、厚0.4厘米，为和田青白玉质，采用线刻、镂雕和浅浮雕等多种技法制成。玉质晶莹温润，双面琢镂成器，为佩玉，璧廓外附琢一凤，凤腹下隐刻“宜”字，璧廓内琢双螭，体态矫健灵动，首尾相联处分镂“子”、“孙”二字，寓有祥龙瑞凤宜子孙之意。璧身以“宜子孙”三个篆体字为中轴线，外廓透雕一瑞凤，廓内镂空雕琢双螭，寓有祥龙瑞凤宜子孙之意。主体呈璧形，上面出廓，东汉时期典型出廓璧形态。通体透雕，出廓部分透雕仰身凤鸟，璧面透雕一对相背游动的螭龙，廓内外透雕“宜子孙”三字，构思奇妙。,/images/objects/han-yizisunchukuo-yubi/hero.png,镂雕,镂雕是中国治玉工艺中的传统技法。所谓镂雕是指在一块玉料上进行多次穿插透雕，或由余留的实体部份组成图案，或由雕出的空白部份组成图案，一些研究者称片状的单层图案镂雕作品为透雕作品。,/images/objects/han-yizisunchukuo-yubi/craft-01.png,文化解读,自古以来，玉便被视作日月山川之精华，被认为蕴含着超越凡俗的“不朽属性”——因其质地致密、千年不腐，古人相信将玉与逝者同葬，便能将这份不朽传递于肉体，保住尸身不腐，进而维系灵魂不散。与此同时，儒家又以玉比德，赋予其温润、坚韧、内敛的人格象征，君子“无故玉不去身”，以玉自警，涵养仁、义、智、勇的品德。||两汉时期，这两种传统达到了奇妙的统一：生前佩玉是君子之德的日常彰显，死后殓玉则是对玉德的终极升华——唯有德行完备之人，才配以玉为阶，踏上通往仙界的坦途。正是在这一观念的驱动下，汉代墓室中出现了完整的玉器“升仙工程”，其中玉扮演了三个关键角色：一是以玉衣、九窍塞保护尸体，防止“生气”外泄、邪气侵入；二是以玉璧象征“天门”，为灵魂开辟通天之路，并以四神、云气纹作引导；三是以玉琀（玉蝉）寓意蜕变重生，玉握（玉猪）象征来世财富。||而“宜子孙出廓玉璧”正是这一文化逻辑的绝佳体现。玉璧自古便是核心礼器，位列“六器”之一，兼具祭祀、陪葬、佩戴等多种功能。这件玉璧巧妙利用天然墨色雕琢双龙，又在璧身与出廓部分刻饰“宜子孙”篆字、瑞凤与双螭。“宜子孙”作为汉代常见吉语，寄托了“子子孙孙，宜室宜家”的美好愿景，体现了墓主对后世血脉的深切关怀；螭为龙属，寓意美好、吉祥与深情；凤则象征生活美满、夫妻幸福。三者融于一璧，再加上玉本身“不朽”与“比德”的双重意涵，便使得这件小小的玉璧不仅承载了生前的高洁品德，更为死后灵魂的升仙之路铺陈了祥瑞之兆——它既是墓主留给子孙的殷殷祝福，也是其自身由德成仙、福泽后代的终极祈愿，堪称集万千美好于一身的祥瑞至宝。,/images/objects/han-yizisunchukuo-yubi/culture-01.png,乾隆-宜子孙印章,,,,,,,,,,,,,,,扬州博物馆||良渚博物馆-汉代玉器集萃展,https://yzmuseum.com/index.php?m=collection&a=show&id=61||https://www.4dmodel.com/SuperTwoCustom/mm1557/,,,,,,,,,,,,,,,,,
object,,han-riyuesishenwencuojinqingtong-danglu,han,metalwork,accessory,ritual-order||harmony,afterlife-belief,日月四神纹错金青铜当卢,No. 2026-005,汉,青铜器,黑色||金色,青铜器||金丝,西汉日月四神纹错金青铜当卢是出土于海昏侯刘贺墓的青铜车马器配件，现藏于江西省博物馆。,该器物长28.0厘米，宽4.5-9.0厘米，采用错金银工艺装饰纹样，自上而下分为三组纹饰：顶部虎纹与日月纹象征天象，中部双龙缠凤鸟展现神话场景，底部鸾鸟回首纹呼应天地人和谐理念。作为海昏侯墓出土3000余件铜车马器中工艺最精湛的代表作，其纹饰布局错落有致，通过金银铜材质的光泽差异增强器物华贵感，反映了汉代青铜器审美转向与错金银工艺的巅峰水平。,/images/objects/han-riyuesishenwencuojinqingtong-danglu/hero.png,错金,亦称“金银错”，是汉代最为流行和发达的装饰工艺之一。东汉许慎《说文解字》释曰：“错，金涂也”，意指将黄金涂抹或镶嵌于器物表面。这项工艺在战国时期已见端倪，发展至西汉达到了炉火纯青的巅峰阶段。,/images/objects/han-riyuesishenwencuojinqingtong-danglu/craft-01.png,文化解读,“西汉日月四神纹错金青铜当卢”的文化内涵，堪称一套融合汉代宇宙观、生死信仰与权力秩序的完整符号体系。这件马前饰物通过自上而下的纹饰布局，精确地刻画了一个层次分明的宇宙模型：顶层以奔跑的神虎代表天界方位，辅以金乌象征太阳、玉兔与蟾蜍象征月亮，共同昭示日月经天、昼夜交替的宇宙法则；中层以一对相互交绕的双龙作为沟通天地的使者，双龙之间以口衔琅玕的凤鸟与一尾跃鱼点缀，呈现祥瑞满盈的神界景象；底层则以一只敛翅回首的鸾鸟作为升仙旅程的归宿，寓意墓主最终抵达安宁祥瑞的理想之境。这种“天—神—地”的叙事结构，严谨体现了汉代“天人合一”的核心宇宙观，使当卢成为一件微缩的信仰图式。||与此同时，这件当卢承载着汉代丧葬文化中“引魂升仙”的终极追求。车马本是身份与权力的象征，而汉代人视随葬之马为能够沟通神灵的“巫蹻”，当卢便是赋予马匹神性、使其在另一世界承担引魂重任的“法器”。当卢上的日月同辉、神兽祥瑞等母题，既象征着宇宙的永恒与阴阳和谐，也寄托了墓主希望借天地之力达到长生不老、生命永续的渴望。这些纹饰共同构成了一套“升仙符码”，意图为墓主的灵魂开辟一条通往仙界的坦途。||此外，这件当卢还是汉代礼制等级与贵族权力的直接彰显。车马器的使用有森严的等级限制，当卢的有无、材质与精美程度直接反映主人的地位。该器集青铜铸造与错金等最顶尖工艺于一身，本身就是平民无法企及的奢侈品——海昏侯墓出土了八十余件当卢，此件属于其中最为精美的一类。错金工艺以青铜为地、以黄金为饰，代表着当时最高等级的装饰手法，宣告墓主人拥有使用“价比美玉”之奢侈品的特权。作为南昌海昏侯墓的出土文物，这件当卢还带有浓厚的楚地遗风与信仰未定型阶段的生动特征。其上出现了白虎、青龙、凤鸟（朱雀的变形）以及以玄鱼替代龟蛇组合的玄武，表明在西汉中期，虽然以“四神”为核心的宇宙观已形成并占据主流，但仍保留着鲜明的地方特色和自由想象力。蜿蜒流畅的云气纹将各层纹饰紧密联结，云气与火焰的组合被学者视为汉代人对仙山的象征，为整幅“升仙图”渲染出浓郁的仙境氛围。综而观之，“西汉日月四神纹错金青铜当卢”巧妙地将宇宙观、生死观、神权、王权与财富融为一体，清晰勾勒出汉代社会思想中“天人感应”的神圣轨迹，是解读西汉时期工艺技术、礼制威严与精神信仰的关键密钥。,/images/objects/han-riyuesishenwencuojinqingtong-danglu/culture-01.png,汉代墓室壁画——《四神云气图》,,,,,,,,,,,,,,,,,,,,,,,,,,,,,,,,,
object,,tang-putaohuaniaowenyin-xiangnang,tang,metalwork,,fusion,incense-culture,葡萄花鸟纹银香囊,No. 2026-006,唐,金银器,,金银器||银器||香囊,1970年窖藏出土于陕西省西安市南郊何家村，现收藏于陕西历史博物馆。,葡萄花鸟纹银香囊直径46毫米，重36克，它是用金、银捶揲制作而成，分为内外两层，内层是纯金打制的半球体香盂，外层是镂空刻花的银球。香囊表面装饰着繁密的葡萄花鸟纹：葡萄藤蔓缠绕，果实累累；花鸟相间，生机盎然。顶部的环链与挂钩设计，使其既可悬挂于车帐帷幔，也可随身佩戴，兼具实用与装饰功能。||香囊最令人称奇的是内部的持平机环装置：两个同心圆环之间及内圆环与焚香盂之间，均以对称的短轴铆接，构成了一个“万向支架”。无论外部球体如何转动，内部的香盂始终在重力作用下保持水平，确保香灰不撒、火星不溢。这一设计完全符合现代陀螺仪原理，而中国最晚在唐朝就已掌握了此原理并将之运用于日常生活中，足以证明当时的中国在科学技术以及工艺制造方面取得的发展成就。,/images/objects/tang-putaohuaniaowenyin-xiangnang/hero.png,锤揲,"锤揲是传统金属加工的主要工艺之一，是指对金属坯料施加压力，使其产生变形以获得所需造型的金属加工方法。该工艺利用金、银等金属质地柔软、延展性强的特点，通过捶打使其延伸展开成片状，再塑造成型。
锤揲分直接锤揲和间接锤揲两种技法。直接锤揲法用于平面或简单曲面纹样，间接锤揲法则用于壶、瓶等器物外壁纹样，需将锤头伸入器物内部进行敲打。
锤揲工艺常与錾刻、鎏金、镶嵌、焊接等工艺结合使用，共同完成复杂器物的制作。锤揲而成的器物具有材料薄、重量轻、无需模具打磨、表面光滑、内外纹理清晰、保持金属原色等特点。器物表面会留下独特的锤纹肌理，质感浑厚、拙实，赋予作品手工的温度和不可复制的独特效果。",/images/objects/tang-putaohuaniaowenyin-xiangnang/craft-01.png,文化解读,佩香之俗，最早可上溯至先秦。当时称为“容臭”，是年轻人晨起拜见父母时的标配——清晨鸡鸣初起，年轻人便要盥洗梳头、佩戴香囊，以清新的香气向长辈表达问候与敬意。到唐代，随身佩香的习俗更趋成熟，香文化的普及度也大为提升。随着制香技术的成熟和唐代对外交流的繁荣，随身佩戴香囊成为长安城中贵胄的时尚标志。||这件香囊通体镂空、匀分两半，银质的球壁上以精湛的工艺錾刻出缠枝葡萄与花鸟纹样。葡萄满架、花鸟相依，寄托着唐代人对富贵吉祥、多子多福的美好祝愿。透过细密的镂空纹饰，可以隐约看见内部微微泛光的金质香盂，一缕幽香正从其间氤氲而出。至于囊中所焚之香，正是唐代制香工艺发展到成熟阶段的产物。著名的《陈氏香谱》中收录有“开元帏中衙香”，后更名为“杨贵妃衙香”，融合了沉香、檀香、麝香、龙脑香等九味珍贵香料。此外，宫廷中也流行“唐开元宫中香”等名贵香方。可以想见，一件精美的银香囊，配上精心调配的珍奇香料，便是盛唐女性“所过之处，尘土皆香”的秘密所在。它既迎合了唐人开放、爱美的风尚，也折射出唐代丝路贸易下香料、技艺与审美大融合的华美景象。葡萄花鸟纹银香囊小巧玲珑，内藏乾坤，随人身姿款款移动，将中国的香文化从庙堂与书斋，延伸到了更为私密、更具情感温度的随身空间——人与香、人与礼、人与情，皆因此融为一体。,/images/objects/tang-putaohuaniaowenyin-xiangnang/culture-01.png,清代白玉香囊,,,,,,,,,,,,,,,陕西历史博物馆,https://www.sxhm.com/collections/detail/9948.html,,,,,,,,,,,,,,,,,
object,,tang-haishouputaowen-jing,tang,metalwork,mirror,fusion||harmony,,海兽葡萄纹镜,No. 2026-007,唐,青铜器,,青铜器||铜镜||海兽葡萄镜,海兽葡萄镜，又称瑞兽葡萄镜、海马葡萄镜等，是唐代流行的铜镜类型，它主要流行于唐高宗、武则天时期。,此镜为唐代铜镜之典型器，圆形，面径11.9厘米，体量适中而质地致密，镜体厚重，铜色泛白，呈现出高锡青铜镜特有的银白光泽。||镜背采用高浮雕技法装饰，以葡萄纹为主题纹饰，辅以海兽、鸟雀、蜂蝶、花草等多种形象，构图繁缛饱满，气象华丽。纹饰布局分为内、外两区，以凸起的弦纹为界。内区铸有数只海兽（通常为瑞兽或狻猊形象）环绕镜钮，或匍匐、或腾跃，姿态各异；外区则满饰葡萄藤蔓、枝叶、果实，其间穿插飞鸟、蝴蝶等小型生灵。尤为特殊的是，内区的葡萄与长瓣花枝蔓越过中间界栏，向外区延伸，乃至攀缘至镜缘，形成“藤蔓过梁”的视觉效果，因此此类铜镜在学界及收藏界又习称为“过梁葡萄纹镜”。镜钮为兽形钮，钮座造型简练。镜缘呈高直窄线棱边，轮廓清晰利落，既增强了镜体的结构强度，也为繁复的纹饰提供了收敛的边界。||整体而言，此镜集高浮雕的立体感、满密而有序的构图、以及中西交融的装饰母题于一身，是唐代铜镜艺术鼎盛时期的代表性作品。,/images/objects/tang-haishouputaowen-jing/hero.png,铸造,海兽葡萄纹镜采用的是中国古代延续数千年的范铸法（又称陶范法）。所谓范铸法，即先以泥料雕刻出镜体的造型与纹饰，翻制成陶范，再浇铸铜液成器。陶范制作的工艺过程如下：首先用木料或陶料雕刻出一面“镜子”，在镜背雕出所需的纹饰图案与镜钮造型，形成一个阳模（即凸起的模型）。随后，用黏土和细砂混合物包裹此模，翻制成阴范——包括镜面范（平整的一面）和镜背范（有纹饰的一面）两块。泥范中需掺入稻壳灰，以提高透气性和热稳定性。范制成后须缓慢阴干，以防止开裂变形，然后入窑焙烧至约920摄氏度，使范体陶化，达到足够的强度，并能分解其中的碳酸盐。每一件陶范大多只能使用一次，因此铸镜的每一次浇铸都意味着一次全新的制范过程。||海兽葡萄纹镜特殊工艺的根基，在于其采用了更科学的高锡青铜配方。唐代工匠提高了合金中锡的比例，这种高锡青铜不仅使铸件易于打磨出明亮的银白光泽（即“水银沁”效果），让照影更为清晰，也增强了成品的硬度和抗腐蚀能力。,/images/objects/tang-haishouputaowen-jing/craft-01.png,文化解读,铜镜最早的日常功能，便是照容正衣冠。诗云“解鬟临镜立象床，双鸾开镜似秋光”，可见在唐代，铜镜已是闺阁书斋中不可或缺的日用品。对镜梳妆、整肃衣冠，是古人开启一天生活前的日常功课。诗文中“当眉泻翠，对脸敷红”的描摹，则恰好记录了美人临窗对镜、贴花钿的生动瞬间。镜面的每一次映照，都是一次外在形象的检视与整饬。在唐代，铜镜更承载着独特的礼俗功能，每逢唐玄宗八月五日诞辰，这一天被定名为“千秋金鉴节”，人们以铜镜为礼，相互馈赠，祝福长寿。一面小小的铜镜，既是对亲友的深情祝福，也成为唐代社会风尚的生动写照。||铜镜的深远意义，却远不止于外在的修饰与礼俗的风尚。古人将它的“明”与“清”的特质加以引申，使其成为修身明志、清明廉洁的精神寄托。因其能忠实映照万物、毫无偏私，铜镜便成为言行准则的一面镜子——古人常借“以镜为鉴”来警醒自己反省操守、坚守廉洁。镜铭中“内清质以昭明，光而象夫日月”之句，更是以铜镜之“明”自喻，勉励自己心怀坦荡、清白如镜。而将这一象征推向极致的，则是唐代的明君唐太宗。据《旧唐书·魏徵传》记载，在魏徵去世时，唐太宗对近臣感慨道：“夫以铜为镜，可以正衣冠；以古为镜，可以知兴替；以人为镜，可以明得失。朕常保此三镜，以防己过。”这番千古名言，层层递进，将“正衣冠”的日常行为，升华到以史为鉴、以人为师的治国智慧。铜镜在此超越了器物的物理属性，从整理仪容的外在尺度，转化为校正自我、自省明德的内在准则，折射出中国传统文化中对修身与智慧的永恆追问。,/images/objects/tang-haishouputaowen-jing/culture-01.png,北宋 王诜《绣栊晓镜图》,,,,,,,,,,,,,,,故宫博物馆,https://www.dpm.org.cn/collection/bronze/228913.html,,,,,,,,,,,,,,,,,
object,,tang-tangsancaizaiyueluotuo-yong,tang,ceramic,,fusion||ritual-order,afterlife-belief,唐三彩载乐骆驼俑,No. 2026-008,唐,瓷器,,瓷器||唐三彩||釉陶,唐三彩釉陶器（明器，即随葬品），1959年于陕西省西安市西郊中堡村唐墓出土，现藏于陕西历史博物馆。,该俑通高58厘米，长41至43厘米，驼高48.5厘米。骆驼昂首直立于长方形底座之上，张口呈嘶鸣状。驼背部架设一平台，以刻花毯子覆盖，台上置有乐舞俑8件，其中男乐俑7件、女舞俑1件。||骆驼体施淡黄色釉，通体施蓝、绿、黄等单色釉。唐三彩为低温铅釉陶器，以黄、绿、白三种釉色为主要基调，亦有褐、蓝、黑等色。该俑施蓝、绿、黄等单色釉，釉色鲜明亮丽，协调自然。唐三彩陶器的烧造在唐代达到鼎盛时期，该俑作为唐三彩俑中的代表性作品，集中体现了唐代陶塑艺术在造型、施釉与烧制工艺方面的高度成就。||7名男乐俑面向外侧，神态专注，全神贯注于演奏之中。各人所持乐器分别为：笙、箫、排箫、拍板、琵琶、箜篌、横笛。其中笙、箫、排箫为中国传统雅乐的代表乐器，琵琶、箜篌、横笛等则为经由丝绸之路传入的西域乐器。女舞俑立于乐队中间，体态丰腴，梳唐代女性髻式，神态安详，形象生动。该俑现收藏于陕西历史博物馆，为唐代雕塑艺术、音乐舞蹈及陶瓷工艺的重要实物资料。,/images/objects/tang-tangsancaizaiyueluotuo-yong/hero.png,唐三彩,唐代低温彩色铅釉陶的通称。它以含铜、铁、钴、锰等多种金属元素的矿物做呈色剂，入铅做助熔剂，即可以直接施彩釉入窑经800℃左右低温一次烧成。也可以先烧素胎，再施彩釉入窑低温二次烧成。所谓“三彩”即多彩之意，包括黄、绿、白、褐、蓝、黑、紫等多种色彩，有的一色单用，有的多色混合使用，而黄、白、绿三色在三彩器中最为常见。制作时先在胎体上施一层白色化妆土，然后有意识地施以各种色釉，或者使用类似“蜡染”的所谓“漏花”技法，做成色彩缤纷的器物。唐三彩是在汉代铅釉陶的基础上进一步发展起来的，三彩器始创于唐高宗时而盛于开元朝，多用作随葬明器，在我国河南、陕西等地有大量出土。其器类繁多，包括日用器皿、建筑物、家具、动物、人物等，均有制作，其中各种动物俑及人物俑在世界美术史上享有盛誉。,/images/objects/tang-tangsancaizaiyueluotuo-yong/craft-01.png,文化解读,这件陶俑将一支八人乐舞队完整置于驼峰之间，其构思充满了跨文化的象征意味。骆驼被誉为“沙漠之舟”，是贯通欧亚的丝绸之路最忠实的驮手；当骆驼与乐舞结合，便不再是单纯的运输工具，而成为文明交汇的移动舞台。||细察乐手构成，七位男乐手均着唐式汉服，面貌为中原人特征，然而手中所持的七种乐器——琵琶、箜篠、筚篥、横笛等——基本都源自西域或中亚，经由丝绸之路传入长安。居于C位的女俑高歌引吭，其婀娜体态与发髻服饰又是典型的盛唐风尚。这样的组合并非写实——现实中单峰骆驼也难以承载八人载歌载舞，但恰恰是这种“超现实”的艺术夸张，在有限的空间里最大限度地表达了丝路文化交流的丰硕成果。乐手们演奏的，正是当时长安最流行的“胡部新声”——西域音乐与中原汉族音乐融合后诞生的新舞乐。外来的乐器、本土的乐人、创新的曲调，三者同台，恰如盛唐文化最核心的气质：以我为主，兼容并蓄，将一切外来元素转化为鲜活的时代之声。||唐人笃信“事死如事生”，认为死亡并非终点，而是进入另一个世界的起点。因此，墓葬中会尽可能复制死者生前的享乐生活。这件载乐骆驼俑便是一支为来世演奏的“凝固乐队”：骆驼昂首嘶鸣，仿佛正行进在通往永生的途中；驼背上的乐手神情专注，女俑引吭高歌，乐声似乎穿透了陶釉，在墓室这一封闭空间里永不消歇。它不仅是墓主人社会地位与财富的炫耀，更寄托了生者对逝者的深切慰藉——愿其在另一个世界，依然能享受胡乐与歌舞的欢愉。||“事死如事生”观念的盛行，根植于两个不可分割的文化渊源。其一是灵魂不灭的观念和祖先的崇拜。古人相信，人的死亡并非生命的彻底终结，魂魄离体之后仍然存在，墓室是死者在阴间的居宅，需要如同生者一般获得生活所需的一切侍奉与供给。其二是儒家及历代统治者提倡的伦理孝道观念。儒家所谓“事死如事生”的伦理孝道思想反映在丧葬习俗上，便表现为对墓葬规格与随葬器物的高度重视，视厚葬为行孝的重要体现。||先秦儒家对死亡持有深刻的理性认知：人死亡之后，神魂离开体魄，进入死亡状态，而“事死如事生”便是围绕着对死者神魂与体魄的侍奉进行的。孔子曰：“生，事之以礼；死，葬之以礼，祭之以礼。”对父母而言，无论生前侍奉还是死后安葬祭祀，都需合乎“礼”的规范，反之则被视为不孝。在这种观念的影响下，唐代的厚葬之风从王朝建立之初便来势汹汹。贞观前期唐太宗便已指出：“勋戚之家多流遁于习俗……以厚葬为奉终，以高坟为行孝，遂使衣衾棺椁，极雕刻之华，灵輀明器，穷金玉之饰”。然而官方禁令终究未能遏制厚葬之风，至玄宗开元年间，朝廷仍在大声疾呼“王公百官，竞为厚葬，偶人象马，雕饰如生，徒以炫耀路人”。||值得注意的是，“事死如事生”并非唐代独创。墓葬是现实社会的缩影，反映当时人们的物质生活与精神生活，将这种广泛生活境界中的事物缩小到一座墓坑中来体现，是中国墓葬传统的不变习俗。只不过，在唐代国力鼎盛、丝路繁荣、乐舞文化高度发达的时代语境下，这一观念获得了前所未有的物质表达手段——唐三彩的成熟工艺，恰恰为唐人复制生前生活场景提供了最精美的媒介。,/images/objects/tang-tangsancaizaiyueluotuo-yong/culture-01.png,《三彩院落》陕西唐三彩艺术博物馆,,,,,,,,,,,,,,,陕西历史博物馆,https://www.sxhm.com/collections/detail/509.html,,,,,,,,,,,,,,,,,
object,,tang-liujinkuibanyin-chatuo,tang,metalwork,tray,fusion,tea-culture,鎏金葵瓣银茶托,No. 2026-009,唐,金银器,,金银器||银器||茶托,这件鎏金银茶托于1957年出土于陕西省西安市唐长安城平康坊遗址，为唐朝的茶具，现收藏于中国国家博物馆。,"该茶托高4厘米，口径17.4厘米，宽平沿，浅腹，圈足，造型别致，通体呈葵花形，分作十二瓣，中央略微隆起，边缘舒展柔和，犹如花瓣轻绽，洋溢着自然的节奏感与装饰美感。整器以银为胎，表面施以鎏金，呈现温润含光的金色光泽，部分区域因岁月久远而略显磨蚀，使银与金交映，肌理斑驳中更添沉静古雅之意。器面装饰以十二瓣葵花纹为主，线条流畅舒展，分布均匀有致，边缘略带刻划而不繁缛，清雅之中蕴含端庄，体现了唐代工艺对称与节制的审美追求。花卉作为盛唐时期装饰艺术的重要母题，象征着生机与祥瑞，在本器上亦起到强化礼仪氛围的作用。
作为茶器中的一环，此茶托用于承托茶盏，既防止烫手与染污几案，又于细节中体现出唐代茶事活动的制度化与仪式化进程。在实用功能之外，它更是身份与礼制的象征，反映出贵族阶层日常生活中对精致用器的高度讲究。尤为引人注目的是器底刻有“左策使宅茶库”六字铭文，字迹端正，疑为作坊模具统一预刻，表明此器原属官署体系下“茶库”专用器具，既反映出唐代工艺生产的标准化程度，也提示了茶文化在当时政治、礼制系统中的制度性嵌入。",/images/objects/tang-liujinkuibanyin-chatuo/hero.png,鎏金,茶托表面进行了鎏金处理，工匠通过涂抹金属汞混合物并加热，使其牢固附着在银面上。该工艺不仅增强了茶托的美观，呈现出金色光泽，还符合唐代对豪华与贵气的审美要求。唐代的鎏金技术经历了不断的发展与创新，工匠通过对金属汞的配比、加热温度的掌控，确保金色涂层的均匀性和持久性。,/images/objects/tang-liujinkuibanyin-chatuo/craft-01.png,文化解读,"这件鎏金银茶托不仅是一件精美的实用器具，更集中体现了唐代中上层社会，尤其是宫廷与官府饮茶文化的制度化与审美追求。在《茶经》中，茶托被列为“二十四器”之一，是贵族饮茶不可或缺的礼器。作为茶具系统的重要组成部分，它承载的不仅是茶盏，更承载着礼仪、秩序与身份的象征意义。唐代饮茶活动日益制度化，讲求器具配套、陈设有序，强调“非此不为礼”。因此，茶托虽为辅器，却以其细致周全之功能，体现了“礼不在大，而在于周备”的核心精神，成为贵族社交场合中“敬客持重”的行为载体。
造型上，此器采用十二瓣葵花式样，瓣形等距排列，结构匀称，表现出极高的对称美感。这种形式不仅源于自然意象，更与儒家所崇尚的“中正”“有序”理念相契合，强化了器物在礼制文化中“规矩”“克制”的内涵。器面鎏金光泽流动，色调富贵华美，辅以简洁流畅的葵花纹饰，融装饰性与象征性于一体，传达出唐代审美中对自然图像的偏爱与对生命力的礼赞。金色的光辉不仅彰显财富与尊荣，也折射出“礼以示尊，器以载德”的价值取向。
从审美角度来看，唐代艺术崇尚繁丽精工、自然寓意与象征融合的美学取向。葵花象征着繁盛与不息，器物外形生动而不繁缛，既有工艺的节奏美，也符合当时对自然形态拟化与升华的风尚。而鎏金工艺的运用，则是对光辉、华丽审美的一种视觉回应，也是对“庄重而富丽”文化气质的技术表达。值得一提的是，唐代常配合使用越窑青瓷或邢窑白瓷茶盏，形成“金托玉盏”的视觉对比关系，既呼应色彩上的富丽对照，也彰显礼器系统的配套等级。
铭文“左策使宅茶库”刻于器底，字体规整有序，极可能为模具预刻，表明此器原为“左策使宅”机构下属“茶库”所用之制式器物。根据《唐六典》所载，三品以上官员方可使用金花银器，可见此类茶托属于高等礼器范畴。铭文不仅是所有权的标识，也暗示其所属的礼制等级制度，体现出“贵贱有分，器用有等”的社会结构。茶库作为贵族生活中的常设机构，负责茶器管理与茶叶分配，反映出茶文化已深入制度层面，具备显著的组织化与行政嵌入特征。
更深层地看，茶托的“托”不仅是一种实用行为，更具有文化象征。以器托盏，是敬意与慎重的外在化动作，也是礼节行为中的“让”与“重”的体现。它鼓励“慎重其事”“不失体面”，将“敬茶不空手”具体落实于器物的物理结构与行为规训之中。同时，在佛道文化影响下，唐人饮茶不仅为口腹之欲，也为静心修身之需。茶托的存在承接了这一层精神追求，使“持盏敬茶”的动作成为身体与心性的双重修持。
地域文化方面，此器的造型与装饰亦体现了唐代长安地区的艺术风格与文化融合特征。作为当时帝国的政治、文化和商贸中心，长安广泛吸收来自中亚、波斯乃至粟特地区的图案风格与工艺技法，三瓣、十二瓣葵花形源于中亚图案系统，而纹饰中的吉祥符号则结合了本土文化寓意，如“鸿雁”象征信义忠诚。鎏金技术亦可能受西方金银器影响，形成一种中西交汇的工艺融合。茶托不仅反映唐人对豪华与典雅的审美追求，也实证了长安作为文化交汇之地的多元性与包容性。
至于名称的变异，也说明茶文化发展中的语言活性。唐人除称“茶托”，亦称“盏”、“托盏”或“茶拓”，从《资暇录》中崔宁女之制楪的传说，可知茶托最初的产生缘于实用需求，却逐步衍生为制度化器物，其设计也不断演进、材质日趋多样，最终上升为具有身份、礼仪、审美多重意义的器具体系。",/images/objects/tang-liujinkuibanyin-chatuo/culture-01.png,《唐人宫乐图》,,,,,,,,,,,,,,,中国国家博物馆,https://www.chnmuseum.cn/zp/zpml/kgfjp/202111/t20211116_252276.shtml,,,,,,,,,,,,,,,,,
object,,tang-zitanmuhuaxie-shi,tang,wood-bamboo,,utility,scholar-life-aesthetics,紫檀木画挟轼,No. 2026-010,唐,竹木牙角匏,,竹木牙角匏||紫檀木||木器,现存最精美的唐代家具之一，现藏于日本奈良东大寺的正仓院。,"这件挟轼采用紫檀木作为主要材料，体现了其尊贵与稀有性。紫色在中国传统文化中象征着祥瑞，而紫檀木的深沉色调与高贵气质，使其成为皇家和贵族阶层的首选材质。紫檀木作为世界上最名贵的木材之一，主要产自南洋群岛和越南，具有致密坚硬的特性，比重大于水，质地深沉古雅。木材的心材呈血赭色，带有光泽，年轮纹路呈搅丝状，棕眼极为紧密且无瑕疵，整体色泽呈紫黑色，带有微香，十分耐人寻味。
紫檀木的稀有和优良木性，使其成为皇家珍视的材料，常用于制造高级家具和精美雕刻艺术品。这件文物的形态设计简洁大方，整体为长条形，尺寸为高33.5厘米，长111.5厘米，宽13.6厘米，体现了唐代家具的典雅与实用性。器物的面板采用长条形柿木，再贴上薄紫檀板，两端则装饰楠木板，整体结构稳固。四周的镶金嵌银工艺，细腻地描绘了花叶、卷草、蝴蝶等图案，呈现出唐代工艺的精湛与复杂。器物下方的基座设计别致，细节部分的象牙圈与金银镶嵌展示了极高的工艺水平和贵族生活的精致。
这件紫檀木器物不仅具备功能性和实用性，作为“挟轼”类家具，它在日常生活中的作用也不可忽视。它能够在休憩时提供便利，方便放置和倚靠，象征着唐代贵族生活中的舒适与优雅。总的来说，这件文物的设计与材质选用都突出了紫檀木作为高贵、稀有材料的象征，同时也体现了唐代对于美学、实用性与工艺的高度融合。",/images/objects/tang-zitanmuhuaxie-shi/hero.png,镶嵌,以长条形的实木为几面板，细长平直，中间上表面贴颜色深沉的紫檀薄板，两端贴楠木薄板，边线部分镶嵌象牙、染绿鹿角等材料。两端各有一对直立双方柱腿足，中间截断嵌入象牙制成的圆柱。几面板四周、腿足及基座表面由金银泥绘描出花叶、卷草、蝴蝶等装饰纹样，做工精细，装饰优美。,/images/objects/tang-zitanmuhuaxie-shi/craft-01.png,文化解读,"这件紫檀木画挟轼不仅是一件精美的家具工艺品，更蕴含着深厚的文化内涵。整体造型典雅，装饰华美，展现了唐代文化中对精神气质的追求，符合“器以载道”的理念。紫檀木作为一种稀有而尊贵的材料，其深沉的色泽与天然的纹理象征着高贵与庄重，体现了“内敛含蓄、神完气足”的审美理念。这件器物通过材质、工艺、形态等各方面的精雕细琢，展现了唐代贵族对生活品味和精神追求的高度契合。

这件紫檀木器物的整体气质庄重典雅，符合唐代文化中“礼仪之魂”的精神内涵。尽管其为实用器物，但其精细的工艺和稳重的外观却体现了唐代贵族的审美理想，承载着内敛而不失尊贵的气质。器物的设计稳定而不失动感，线条流畅，结构稳固，使人感受到一种平衡与和谐的美感。

这件器物细节处展现出文人对清雅、吉祥、护身等象征的追求。这种装饰体现了唐代社会对文士美学的高度认同，并与文房器物的审美体系紧密相连。其纹饰和整体设计为文士理想中的“文以载道”的物质延伸。器物不仅满足了日常实用需求，还传达了文化与精神的象征意义，它是“器以载道”理念的具体体现，即器物不仅承载功能，更承载文化与道德理想。

紫檀木画挟轼的尺寸与设计延展了空间的气韵感和文化象征力。其“横向舒展”的布局，强调整体的仪式感与文化象征，增强了空间的仪式性和庄重感。正如唐代文化所强调的“气贯四海”，这件器物在视觉上给人以内敛与张力并存的感受，完美地契合了唐代贵族对家居与生活空间的设计需求，象征着高贵与精神的统一。

这件器物的精美设计、典雅气质以及它承载的精神文化，都使它成为唐代贵族家居生活的文化象征，它不仅仅是一个家具，更是唐代“器以载道”的具体体现，象征着贵族对礼仪、文化和道德理想的尊崇与追求。",/images/objects/tang-zitanmuhuaxie-shi/culture-01.png,阎立本《步辇图》,,,,,,,,,,,,,,,日本正仓院,https://shosoin.kunaicho.go.jp/treasures?id=0000010163&index=0,,,,,,,,,,,,,,,,,
object,,tang-liujihongyanwenyincha-caozi,tang,metalwork,,fusion,tea-culture||incense-culture,鎏金鸿雁纹银茶槽子,No. 2026-011,唐,金银器,,金银器||银器||茶槽子,唐僖宗御用茶具的核心组件之一，是唐代精致茶道与宫廷金银工艺的巅峰之作。,"茶槽子长25.5、宽3.4、高7.1厘米，重1168克。通体为长方形，由碾槽、辖板、槽座组成。槽呈半月形尖底，口沿平折，与槽座焊接，槽口可插置辖板，辖板呈长方形。槽身两端为如意云头状，辖板中间焊接小宝珠形提手，槽身两侧各饰一只鸿雁及流云纹。碾槽嵌于槽座之中，槽座两端亦作如意云头。座壁有镂空壸门，上饰天马流云纹。茶槽子底錾刻：“咸通十年文思院造银金花茶碾子一枚并盖，共重廿九两。匠臣邵元，审作官李师存，判官高品臣吴弘慤、使臣能顺”。
碢轴直径8.9、长22厘米，重524克。碢轴为实体，形似铁饼，轴边有平行沟槽，便于在茶碾子中粉碎团茶；轴杆近似圆柱形，中部粗壮，插入踻轴中心，两端逐渐细小，便于执手。轴孔四周錾团花，外饰流云纹。轴面錾文曰“碢轴重一十三两”。“茶槽子”在唐代陆羽《茶经》中被称为“碾”，是唐朝盛行“煎茶法”中的核心研磨工具。根据1987年与它一同出土的《衣物账》碑记载，时人便称其为“茶槽子”与“碾子”。“茶槽子”必须与“鎏金团花银碢轴”（tuó zhóu，即碾轮）组合使用，配合关系类似于今天中药铺里的药碾子，共同完成了从饼茶到茶末的关键转变。",/images/objects/tang-liujihongyanwenyincha-caozi/hero.png,锤揲,"锤揲是传统金属加工的主要工艺之一，是指对金属坯料施加压力，使其产生变形以获得所需造型的金属加工方法。该工艺利用金、银等金属质地柔软、延展性强的特点，通过捶打使其延伸展开成片状，再塑造成型。
锤揲分直接锤揲和间接锤揲两种技法。直接锤揲法用于平面或简单曲面纹样，间接锤揲法则用于壶、瓶等器物外壁纹样，需将锤头伸入器物内部进行敲打。
锤揲工艺常与錾刻、鎏金、镶嵌、焊接等工艺结合使用，共同完成复杂器物的制作。锤揲而成的器物具有材料薄、重量轻、无需模具打磨、表面光滑、内外纹理清晰、保持金属原色等特点。器物表面会留下独特的锤纹肌理，质感浑厚、拙实，赋予作品手工的温度和不可复制的独特效果。",/images/objects/tang-liujihongyanwenyincha-caozi/craft-01.png,文化解读,"如果说陆羽的《茶经》构建了唐代茶文化的“灵魂”，那这套茶具便是承载这灵魂的“体魄”，而其中的“茶槽子”正是连接整个流程的关键一环。要理解“茶槽子”的文化分量，需要先了解唐代独特的 “煎茶法” 。与后世的冲泡不同，唐人饮茶需先将茶饼碾末再行煎煮。法门寺地宫出土的系列茶具，完整呈现了炙茶、碾茶、罗茶、煎茶的全部流程。
在这套完备的茶具系统中，“茶槽子”（或称“茶碾子”）扮演着至关重要的角色。它的核心功能，是在炙烤工序之后，将初步处理的茶饼研磨成适宜煎煮的粉末。唐代茶道对茶末的质量要求极高——“末之上者，其屑如细米”。
这件茶槽子与其配套的“碢轴”（碾轮）协同工作，共同构成了一套精密的研磨系统。其狭长如船、两头微翘的造型，被唐代文献称为“茶槽子”或“碾子”，在功能上对应的正是陆羽在《茶经·四之器》中详细描述的“碾”。通过茶槽子的精细研磨，茶饼的香气被充分释放，为后续“碾后香弥远”的风雅体验打下基础。这件小小的器物，凝聚了唐人从感官享受到精神审美转变的味觉密码。||“茶槽子”精美的纹饰蕴含着丰富的文化密码，它已不仅是实用之器，更是信念的寄托。盖板宝珠捉手两侧各錾刻一只鸿雁，衬以流云纹。鸿雁羽翼丰满，曲颈昂首，翱翔于云间，象征着高远的志向，也寄托了使用者内心的宁静与高洁。在唐代宫廷中，鸿雁还有着重要的礼仪功能，有时它会与银笼共同构成一套完整的茶器礼制。槽身侧面錾刻天马祥云纹。“天马”这一形象源于希腊神话，经丝绸之路传入中国，至唐代已广为流行，成为中外文化交流的直接写照。文物的纹饰与功能紧密相连，鸿雁流云纹的典雅与天马祥云纹的动感，共同营造出一种融合了中原祥瑞与西域风情、既高贵又神秘的审美体验。",/images/objects/tang-liujihongyanwenyincha-caozi/culture-01.png,唐鎏金摩羯鱼三足架银盐台，唐人饮茶或调以盐，盐台即为盛放食盐的用具。,,,,,,,,,,,,,,,法门寺博物馆,http://www.fmsbwg.com/cqj/74.html,,,,,,,,,,,,,,,,,
object,,song-jianyangheiyoutuhao-zhan,song,ceramic,bowl,utility||harmony,tea-culture||scholar-life-aesthetics,宋建阳窑黑釉兔毫盏,No. 2026-012,宋,瓷器,黑色||褐色||铁黑,瓷器||黑釉瓷||建盏,兔毫盏是宋代最具代表性的斗茶专用器。,宋代建阳窑黑釉兔毫盏，出土于福建省南平市建阳区一带，现藏于故宫博物院。高5.8厘米，口径12.8厘米，足径3.9厘米。||盏撇口，斜直壁，小圈足。内壁满釉。外施施釉不到底，腹下部釉垂流如泪痕。口沿处釉呈酱色，其下渐为褐黑相间，内底纯黑色，外底露胎处呈铁黑色。釉中有丝状黑褐色兔毛般结晶，俗称“兔毫”。||兔毫盏是宋代最具代表性的斗茶专用器。其深腹厚壁、盏底微收，适于击拂点茶并保温性强，釉色以青黑为贵，凸显茶汤乳雾色，契合《大观茶论》中“盏色贵青黑，玉毫条达者为上”的标准；其釉下“泪痕垂流”与内壁“兔毫”纹理，展现建阳窑独有的美学技艺。,/images/objects/song-jianyangheiyoutuhao-zhan/hero.png,兔毫,兔毫纹的成因属于窑变，是烧成过程中自然所致。这是由于釉料的配方中含铁量极高，当这种釉料在1300°C的高温下，铁处于过饱和状态时，聚集在釉面上的结晶体发生变形流动，从而形成了流动状态的结晶釉，这就是所谓的“兔毫”。||兔毫，作为建盏的标志性釉色，在宋代诸多文献中均有详尽记载，如宋徽宗的《大观茶论》、蔡襄的《茶录》以及祝穆的《方舆胜览》等。值得一提的是，《茶具图赞》作为首部茶具图谱，以精美的绘图记录了宋朝茶具的盛况，其中兔毫盏便被选为代表茶碗的形象。兔毫的色泽丰富多彩，包括银、青、褐等多种色彩，进一步细分则有金、黄、银蓝等珍稀色泽。在形态上，兔毫也各有差异，或长或短，或粗或细，为建盏增添了无穷魅力。,/images/objects/song-jianyangheiyoutuhao-zhan/craft-01.png,文化解读,宋代的饮茶之风非常流行，在民间，茶等同于米、盐，一天也不能缺少。上自官府，下至民间，不可或缺。李觏说:茶，“君子小人靡不嗜也，富贵贫贱靡不用也”(《李觏集》卷16《富国策第十》)。人们都以茶作为生活的必需品。||斗茶用的茶盏，有一些比较特殊的要求，据《大观茶论·盏》所说:“盏色贵青黑，玉毫条达者为上，取其燠发茶采色也。底必差深而微宽。底深则茶宜立而易以取乳;宽则运筅旋彻，不碍击拂。然须度茶之多少，用盏之小大。盏高茶少，则掩蔽茶色;茶多盏小，则受汤不尽。盏惟热，则茶发立耐久。”建州窑所出的建盏，是宋代最好的斗茶用盏。蔡襄《茶录·论茶器》说:“茶盏:茶色白，宜黑盏。建安所造者绀黑，纹如兔毫，其杯微厚，之久热难冷，最为要用。出他处者，或薄或色紫，皆不及也。其青白盏，斗试家自不用。”||兔毫盏不仅是实用器，更承载了宋代文人阶层“斗茶”文化。北苑贡茶、宫廷茶宴与士大夫雅集中，兔毫盏是身份、品味与审美的象征。如宋徽宗、蔡襄、范仲淹等人均对兔毫盏赞誉有加，文献与诗歌频繁记载其斗茶盛况。黑釉之深、纹理之密、形制之沉稳皆与“士人审美”中的“文质兼美”“拙中寓巧”相契，是宋人追求典雅、高古、内敛美学的典型体现。,/images/objects/song-jianyangheiyoutuhao-zhan/culture-01.png,宋徽宗赵佶《文会图》局部,TRUE,,,,,,,,,,,,,,故宫博物院藏品详情||中国茶叶博物馆相关介绍||《兔毫盏盏云流 能解红颜入醉乡——黑釉建盏之美》||《兔毫盏中斗春露》,https://www.dpm.org.cn/collection/ceramic/227154.html||https://www.teamuseum.cn/mobile/holding-detail.htm?id=540||https://www.dpm.org.cn/ceramics/talk/250892.html||https://www.dpm.org.cn/court/talk/204787.html,,,,,,,,,,,,,,,,,
object,,song-tixiqibing-tuanshan,song,lacquer,fan,utility||harmony,fan-culture||scholar-life-aesthetics,南宋剔犀漆柄团扇,No. 2026-013,宋,漆器,红黑||漆黑||褐色,漆器||竹丝||细绢||檀香木,南宋剔犀漆柄团扇，1998年出土于邵武故县村南宋黄涣墓，现藏于邵武市博物馆。,南宋剔犀漆柄团扇，1998年出土于邵武故县村南宋黄涣墓，现藏于邵武市博物馆。长46.8 CM，宽23. 6CM，厚0.1-1.2 CM带柄，扇面大体呈椭圆形，框骨以极细的竹丝制成，正背二面裱细绢，柄以檀香木制成圆柱体，并采用剔犀漆工艺浅浮雕饰缠枝花卉。整器工艺巧妙精湛。出土扇柄保存较好，柄体剔犀工艺精美，纹饰清晰。扇面颜色已残失。||此面团扇，从其复杂精美的制作工艺看，与福州南宋黄升墓、福州南宋端平二年墓出土的团扇相似，属于当时上层社会中比较流行的日用装饰器具。,/images/objects/song-tixiqibing-tuanshan/hero.png,剔犀,剔犀系漆器工艺。一般情况下都是两种色漆（多以红黑为主），在胎骨上先用一种颜色漆刷若干道，积成一个厚度，再换另一种颜色漆刷若干道，有规律地使两种色层达到一定厚度，然后用刀以45度角雕刻出回纹、云钩、剑环、卷草等不同的图案。||剔犀工艺在唐代始有出现，至元代趋于顶峰，同时涌现出一批如张成、杨茂等著名的匠师。,/images/objects/song-tixiqibing-tuanshan/craft-01.png,文化解读,宋代扇子的使用十分普遍，时有“一九至二九，扇子不离手”的民谚。品种甚多，按形状分，有单门扇、团扇、折扇等;按制作材料分，则有纸扇、羽毛扇、绸扇、蒲扇、葵扇、棕扇、骨扇、麦秆扇等。团扇又称宫扇、纨扇。中国传统工艺品及艺术品。是一种圆形或近似圆形有柄的扇子。团扇起源于中国。扇子最早出现在商代，用五光十色的野鸡毛制成，称之为“障扇”。当时，扇子不是用来扇风取凉，而是作为帝王外出巡视时遮阳挡风避沙之用。西汉以后，扇子开始用来取凉。东汉之后，大都改羽扇为丝、绢、绫罗之类织品，以便点缀绣画，也开始有木、竹、骨等材之柄;还有扇坠、流苏、玉器之饰。||扇子尝以引风、障日、遮面、仪仗等功用为古人青睐。南宋建都杭州，入夏之前，还有一个潮湿闷热的梅雨季，扇子和扇画在数量和创意上都实现了爆发式增长。吴自牧在《梦粱录》中记载，杭州城里的扇子铺，专营店就有陈家画团扇铺、周家折揲扇铺等，种类有细画绢扇、细色纸扇、漏尘扇柄、异色影花扇……夏天一到，满杭州城摇曳的扇子上，都是画家们的山水、花果、珍禽、人物等各种小品。这些宋代扇画迄今为止尚有许多遗存，其中仅《宋人画册》所收的一百幅小品中，就有66 幅为纨扇画。||此种椭圆团扇在宋代非常流行，不仅在宋徽宗《听琴图》中出现，还在其他宋墓中屡有发现，比如江苏金坛太学生周瑀墓（1189年）、福州黄昇墓（1243年）和福州端平二年墓（1235年）。从这面团扇复杂的制作工艺来看，它应该是当时上流社会中比较流行的日用物件。||该器出自于邵武故县村南宋黄涣墓。黄涣，男性，字德亨，邵武光泽人，南宋绍兴十七年（1147年），卒于宝庆二年（1226年），卒年八十。为朱熹弟子黄干黄氏家族邵武派的成员，在《八闽通志》和邵武地方志中均有记载，师从吕祖谦，淳熙五年科举考试中为南省第二，三十一岁中进士，历任太学博士、京西议幕、岳州知郡等职，其为官从政主要业绩为“罢厨傅、蠲鱼税、捕淫祠”，是一位勤政亲明的地方官吏。||从黄涣生平简介及随葬品来看，黄涣不仅是个亲民勤政的官员，更是一位注重生活品质之人，随葬品中除了团扇，还发现大量茶器，不难让我们想象出烧茶执扇，斗茶论诗，谈笔风声，优雅闲情的美好生活场景，窥视出黄涣是个很有闲情逸志之人。另外，也颠覆了在大家印象中，团扇只是女性使用的专例。,/images/objects/song-tixiqibing-tuanshan/culture-01.png,宋徽宗赵佶《听琴图》局部,TRUE,,,,,,,,,,,,,,宋代扇文化图像资料||邵武故县村南宋黄涣墓相关资料,https://www.dpm.org.cn/||https://www.dpm.org.cn/,,,,,,,,,,,,,,,,,
object,,song-mudanhualuobeixin-yi,song,textile,clothes,utility,dress-culture||scholar-life-aesthetics,南宋牡丹花罗背心,No. 2026-014,宋,织绣,褐色||彩色||棕色,织绣||罗||背心||宋锦,南宋牡丹花罗背心，身长70厘米，腰宽44厘米。1975年出土于福建省福州市黄昇墓(1243)。福建省博物院藏。,南宋牡丹花罗背心，身长70厘米，腰宽44厘米。1975年出土于福建省福州市黄昇墓(1243)。福建省博物院藏。 ||用深烟色的罗制成。以本色提花方法织出穿枝牡丹纹，花朵大小相间，茎叶温柔婉转，富有变化，这类图案在南宋后期的丝绸中很常见。||黄昇是宋朝宗室的眷属，她的墓中共出土丝织品354件，其中的一件罗背心与这一件花纹近似，尺寸相当，仅重16.7克。南宋朝廷迁都杭州后，在苏州设立了宋锦织造署，将成都的蜀锦织工、机器迁到苏州，丝织业重心逐渐南移。,/images/objects/song-mudanhualuobeixin-yi/hero.png,宋锦,宋锦，是中国传统的丝制工艺品之一。因其主要产地在苏州，故又称“苏州宋锦”。宋锦色泽华丽，图案精致，质地坚柔，被赋予中国“锦绣之冠”，它与南京云锦、四川蜀锦、广西壮锦一起，被誉为我国的四大名锦。宋锦开始于北宋末年（约公元11世纪），产品分重锦和细锦(此两类又合称大锦)、及匣锦、小锦。重锦质地厚重，产品主要用于宫殿、堂室内的陈设。细锦是宋锦中最具代表性的一类，厚薄适中，广泛用于服饰、装裱。,/images/objects/song-mudanhualuobeixin-yi/craft-01.png,文化解读,黄昇，她的父亲黄朴曾考取过当时的状元，担任过泉州知州兼提举市舶司，相当于现在泉州市长兼海关关长及外贸部门主管。黄昇16岁时嫁给了宋太祖赵匡胤第十一世孙赵与骏为妻子，算得上是皇家赵氏宗族贵妇，可惜17岁便香消玉殒。赵与骏的祖父、朝议大夫赵师恕亲自为她选择了墓地并撰写墓志。||1975年，在福州北郊浮仓山发掘了黄昇墓，出土了宋代服饰及丝织品达354件，其中服饰201件，整匹高级织物及面料153件，面料上囊括了古代高级织物绫、罗、绸、缎、纱、绢、绮等，衣物的款式、功能也极为齐全，除了常见的袍、衣、背心、裤、裙、抹胸、围兜、围件等20多种类，甚至连香囊、荷包、裹脚带这样的小件物品也包含其中，是当时出土宋代服饰最多的一次考古发掘，这批丝织品现藏于福建博物院内。黄昇墓由此被誉为“中国古代丝绸地宝库”。||这件“深烟色牡丹花罗背心”，是“举之若无”的典范，其仅重16.7克，手感柔韧，细腻滑嫩，整件背心不仅轻盈若羽，同时剔透似烟。它的织制技艺高超，具有福建丝织工艺特色，也是目前国内宋代出土织物所未见。||福建自古就是我国对外通商贸易的重要门户，拥有着3000多公里长的海岸线以及沿海众多的优良港口，在海上丝绸之路发展史上扮演了极其重要的角色。文献记载，自汉代以来福建就承担起海外转运贸易的重任，“旧交趾七郡贡献转运，皆从东冶，迅海而至”；唐代福建便已呈现出“百货随潮船入市，万家沽酒户垂帘”“云山百越路，市井十洲人”的繁荣贸易景象；至宋元，泉州则一跃成为“东方第一大港”，登上了历史的顶峰。明清两代，虽然不断受到海禁封锁，但民间的出洋趋势不可阻挡，许多方面的影响都深刻烙印在了我们今天的生活中。,/images/objects/song-mudanhualuobeixin-yi/culture-02.png,褐色牡丹花罗镶花边夹衣局部,,,,,,,,,,,,,,,福建博物院藏品详情,https://www.fjbwy.com/collect/detail?id=8433,,,,,,,,,,,,,,,,,
object,,song-zhanjiao-futou,song,textile,hat,utility,dress-culture||scholar-life-aesthetics,北宋展脚幞头,No. 2026-015,宋,织绣,黑色,织绣||乌纱帽||幞头,北宋展脚幞头出土于宋代蒋师益墓，现藏于泰州市博物馆。高21厘米，通长120厘米。为宋代极为罕见的实物乌纱帽标本。,北宋展脚幞头出土于宋代蒋师益墓，现藏于泰州市博物馆。高21厘米，通长120厘米。为宋代极为罕见的实物乌纱帽标本。||其帽心小巧贴合额部，展脚两侧平展，采用铜丝为骨架、网状细铜丝编织为形，并覆以罗纱髹黑漆，纱纹清晰、结构挺拔，展现出极高的工艺水准与秩序美感。,/images/objects/song-zhanjiao-futou/hero.png,髹漆,髹漆，亦称“髤漆”，指将漆涂于器物表面的传统工艺，兼具防腐与装饰功能。该技法要求在23-30℃、80%湿度环境下操作，雕漆器需髹漆约300道形成16毫米厚度。战国时期髹漆工艺取得显著发展，汉代漆器产量与传播范围达到高峰，唐代创制剔红技法，宋代出现堆漆与戗金结合工艺，元代涌现剔红名匠。明代黄成所撰《髹饰录》是我国现存唯一一部古代大漆髹饰专著，是研究大漆髹饰技艺不可或缺的专业工具书。,/images/objects/song-zhanjiao-futou/craft-01.png,文化解读,幞头是古代的一种帽子。宋代时，上自帝王将相，下至平民，凡男子皆戴，只是材料不同。北宋初期，幞头的两脚远比过去长，因幞头所用罗纱通常为青黑色，也称“乌纱”，也就有了“乌纱帽”的称呼。||展脚幞头为宋代官员朝服中最具代表性的礼仪冠饰之一，体现“冠以正身”的礼制理念。其造型规整严谨，展脚水平伸展强化中轴对称与尊卑等级，配色统一为黑色，象征“正直”“肃穆”与“忠贞”，在视觉上突显权威与约束，是“文官政治”下秩序与品格的象征物。其采用“无缝转接”与多材料复合工艺，将铜丝、罗纱、漆艺等高超工艺融合，既追求结构稳固，又注重外观的视觉与细节处理，展现宋代帽饰制作的精致与规范。||展脚幞头不仅是一种实用的服饰物，更是体现文人士大夫身份、精神气质与礼制文化内化于物质形态的典范之作。其黑色审美内敛含蓄，造型不张扬、线条克制，体现“文人美”的理性、克制、礼正与内修精神。根据《宋史》《梦溪笔谈》《颍川语小》等史籍与传说，展脚幞头甚至被赋予“禁止窃语”“约束朝仪”的制度象征意义，是宋代士人社会“礼治秩序”体系中不可或缺的象征性物品。||自古以来中国就有“衣冠之国”之称，跟权力和地位联系在一起影响最为深远的非乌纱帽莫属。宋代“乌纱帽”——展脚幞头，时常见于宋代壁画和雕塑，但是留存下来的实物极少。泰州宋代古墓里出土了一件展脚幞头，虽然还没有评级，但文物价值很高，是难得的珍品。,/images/objects/song-zhanjiao-futou/culture-01.jpg,中国国家博物馆藏：赵匡胤像,,,,,,,,,,,,,,,泰州市博物馆,https://mp.weixin.qq.com/s?__biz=MjM5MjY1MjUxNg==&mid=2649820294&idx=3&sn=ef7600a733dc39edb6e621cc72e18086&chksm=bea6a10d89d1281b96ddd6336a3a6a9280d676daddc676c7d869ce4a6fde3d6c28d60e886421&scene=21#wechat_redirect,,,,,,,,,,,,,,,,,
object,,song-jizhouyaoheiyoumuyewen-zhan,song,ceramic,bowl,utility||harmony,tea-culture||scholar-life-aesthetics,宋代吉州窑黑釉木叶纹盏,No. 2026-016,宋,瓷器,黑色,瓷器||黑釉瓷||吉州窑||木叶纹盏,宋黑釉木叶纹盏是南宋时期吉州窑烧制的黑釉瓷器。,宋代吉州窑黑釉木叶纹盏为宋代吉州窑代表瓷器，高5.5厘米、口径14.8厘米、底径3.8厘米。该器呈斗笠状，敞口削腹，通体施黑釉，釉色莹润，内壁贴饰天然树叶，茎叶分明，木叶纹与黑釉形成天然对比。此盏以自然木叶入饰，叶片经浸泡腐蚀去除叶肉后，贴在已施黑釉的盏坯上，再施透明釉，经1230℃～1250℃高温一次烧制，树叶的形脉与釉面融合。目前传世和考古发掘出土的木叶盏不足30件。其造型端庄，釉色沉静典雅，木叶纹样兼具写实与抽象美感，体现吉州窑黑釉瓷器的审美特征，为宋代茶道器具中的典型器型。,/images/objects/song-jizhouyaoheiyoumuyewen-zhan/hero.png,木叶贴花,木叶贴花是将树叶用水浸泡，除去叶肉保存叶茎和叶脉，然后贴在已施黑釉的器物内，再施上一层透明釉经过高温一次烧制而成。木叶贴花的珍贵之处就在于它对自然的保留。它将精心选取的自然精华，美好完整地呈现在世人眼前，就像凝结了昆虫的琥珀。,/images/objects/song-jizhouyaoheiyoumuyewen-zhan/craft-01.png,文化解读,"木叶盏是吉州黑釉的佼佼者，内外均施黑釉，盏内放一片桑叶，送入窑室烧制。在经过1300度高温之后，这片桑叶不仅没有灰飞烟灭，相反，其美丽的纹路、形体、脉络永恒而完整无缺地保留在了漆黑的茶盏上。||从宋元时期开始，天目木叶就远销日本、朝鲜以及东南亚国家，在国际市场中享有极高的声誉。日本东京国家博物馆收藏的吉州窑木叶天目盏，已被列为国家级文物，只在有限的时间内拿出来供人参观。||该器物深蕴禅茶文化基因，南宋诗人陈与义""柏树解说法，桑叶能通禅""的诗句，恰与法顺禅师""一叶飘空天似水""的偈语相呼应，将禅宗""即心是佛""的顿悟哲学融入茶器美学。吉州窑匠人通过木叶纹的枯荣意象，诠释了""脱去旧体，得悟真纯""的禅理，使这件民间窑器成为宋代茶禅文化交融的物化见证。",/images/objects/song-jizhouyaoheiyoumuyewen-zhan/culture-01.png,南宋 吉州窑黑釉木叶纹茶盏 台北故宫博物院,,,,,,,,,,,,,,,黑釉木叶纹盏,https://www.smg.cn/review/202606/0167359.html,,,,,,,,,,,,,,,,,
object,,song-huaniaowenyin-pan,song,metalwork,tray,harmony,,南宋花鸟纹银盘,No. 2026-017,宋,金银器,银色,金银器||银器||银盘,这组八棱银盘，出土于星子县陆家山，共包含6件作品。,这组八棱银盘，出土于星子县陆家山，共包含6件作品。八棱形制，盘体高约1厘米，口径14.2厘米，底径8.5厘米，轮廓流畅，棱角清晰。||每一个银盘上都錾刻着不同的图案：桃花鹦鹉、荷花鸳鸯、桂花练鹊、绣球锦鸡、海棠卷尾以及莲花鹭鸶，无不生动逼真，展现了大宋时期的精湛工艺与市井生活的丰富多彩。||为酒宴餐饮时所用精致器皿，或为贵族、富户所藏陈设佳品。,/images/objects/song-huaniaowenyin-pan/hero.png,錾刻,錾刻是以金、银、铜等金属材料为载体，通过特制錾刀与锤击技法塑形的中国传统手工技艺，其源头可追溯至商周青铜器纹饰加工。||核心技法包含勾、落、串等十余种刀法，需配合翻模具、库坯、焊接等工序流程，技艺传承者需自制数百种形状的錾子以适应不同纹样需求。,/images/objects/song-huaniaowenyin-pan/craft-01.png,文化解读,在宋代，社会经济繁荣，市井生活也愈发丰富，人们对美食和美器的追求达到了新的高度。据《东京梦华录》记载，当时酒楼中普遍使用银器，甚至两人对饮时所用的银器重量可达百两，足见宋人对生活品味的极致追求。这组银盘或许正是这种追求的一个缩影，它们被主人窖藏于地下，为我们留存了大宋时期的一段珍贵记忆。这组八棱银盘，每一件都如同精雕细琢的艺术品，不仅展现了宋代银器制作的精湛技艺，更折射出那个时代人们对美好生活的向往与追求。从桃花鹦鹉到莲花鹭鸶，每一个图案都生动逼真，仿佛将我们带入了那个繁华的宋代市井，感受那时的生活气息与审美情趣。盘中花鸟栩栩如生，寓意吉祥富贵，亦映射文人闲雅与士族清赏之趣。,/images/objects/song-huaniaowenyin-pan/culture-01.png,花鸟纹银盘 局部,,,,,,,,,,,,,,,江西博物馆||宋朝银盘里的生活美学,https://www.jxmuseum.cn/collection/jpxs/a60acc4b680a5b7d0c28e5df51a29bd0/80cfbf22-58be-11ed-8724-005056ae3ac8||https://weibo.com/1959454164/LDsqc580j,,,,,,,,,,,,,,,,,
object,,song-longquanyaogaozuci-wan,song,ceramic,bowl,harmony,,宋龙泉窑高足瓷碗,No. 2026-018,宋,瓷器,青色,瓷器||青瓷||龙泉窑||高足碗,宋龙泉窑高足瓷碗为宋代龙泉窑青瓷器，现藏于开封市博物馆。,宋龙泉窑高足瓷碗为宋代龙泉窑青瓷器，现藏于开封市博物馆。||该器高11厘米，口径12.2厘米，底径3.9厘米，侈口圆唇，直腹渐收，高圈足外侈并饰竹节形凸棱，通体施青釉，足底无釉，器表光素无纹 。||龙泉窑主产区位于今浙江龙泉及周边地区，属南方青瓷代表窑口，北宋至南宋为其发展期 。此时期龙泉窑受瓯窑工艺影响，形成胎质细洁、釉色淡青的风格，并创制多管瓶等独特器型。该碗釉色莹润，造型端庄，体现宋代龙泉窑典型制瓷技艺，为馆藏代表性器物 。||该器造型古朴大方，釉色莹润，是龙泉窑不可多得的精品。,/images/objects/song-longquanyaogaozuci-wan/hero.png,石灰釉,石灰釉是以氧化钙（CaO）为主要助熔剂的传统陶瓷釉料，属于钙系釉类型，商周时期原始瓷器已开始使用 。其制作需将石灰石煅烧生成氧化钙，通过釉灰调配引入釉料。釉面具有高温粘度小、透光性强、光泽度高等特点，但烧成范围较窄。该釉料早期均为纯石灰釉，唐、宋时期在釉料中引入长石形成长石-石灰混合釉，金代通过调整釉灰配比实现由石灰釉向石灰碱釉转变。||龙泉青瓷采用石灰碱釉工艺，并施以多次上釉手法，釉质通透均匀，体现宋代龙泉窑高超的釉色掌控能力。该器工艺上承瓯窑影响，胎更薄、釉更淡，细节处理讲究，表现出“清秀儒雅、心物合一”的南方青瓷美学精神。,/images/objects/song-longquanyaogaozuci-wan/craft-01.png,文化解读,龙泉窑因在今浙江龙泉而得名，属中国南方青瓷系统。龙泉窑区域分布广泛，今浙江省丽水地区及其周围的武义、永嘉、文成、泰顺等县，和福建浦城、建阳、松溪、建瓯、南平等地均属龙泉窑区域。窑址以龙泉县境内最为密集，有350余处。其中产品工艺、质量最高的窑址在龙泉大窑村（古名“琉田”、“刘田”），溪口一带是龙泉窑中心区。||北宋至南宋是龙泉窑发展期。这一时期瓷窑规模大、数量多，北宋早期以淡青釉器，坯料处理认真，胎质细洁，呈白色。刻画花装饰，线条细熟，另有水波纹、龙纹、弦纹等。薄胎、形巧、淡釉、细刻和底垫环支烧等工艺，都明显受到瓯窑影响。但它的胎更薄，釉更淡，莲瓣饰纹，轮廓线常用双线。多管瓶、碗等造型和饰纹在瓯窑中不常见，是龙泉窑的独创之处。中晚期坯体较厚，胎呈灰色；釉层薄，青中带黄，釉层开片和凝聚成点状的现象多，属石灰釉；大件器物装烧工艺粗糙，釉色不纯和釉面粘沙粒，小件器物外底无釉，露灰色胎，留有泥点和垫形痕迹，同前期明显有别；莲花荷叶纹较盛行，到南宋成为碗盘的主要装饰。北宋中期到晚期，多管瓶造型由颈短腹满，变为修长秀气，肩部和上腹分层从五级减少到晚期的二层。南宋前期时，多数分层只剩一级，肩部演变为堆塑龙或虎，而成龙虎瓶，多管瓶因而停产。据考证同一时期浙江各地瓷窑，仅龙泉窑生产此瓶，是其特有产品。元祐七年，龙泉溪等流域得到治理，龙泉窑以自制坯料、廉价燃料及畅通水路的优势，使瓷业发展迅速。||龙泉窑始烧于北宋之前，是中国陶瓷历史上烧造年代最长的窑口之一。龙泉器物胎质坚硬灰白，釉层薄而透明，以“青翠欲滴，温润如玉”而著称。石灰碱釉的运用和多次上釉技术的掌握，烧制出亮青、粉青釉等佳器。宋代龙泉窑青瓷形成一代清秀儒雅、超逸出俗、心物划一的美学风范，体现了宋代工艺美术在文人的哲学思想和艺术风格的影响下，所具有的清淡含蓄的艺术风格和设计理念。||宋代龙泉窑青瓷分为北宋早期、北宋中晚期、南宋早期和南宋晚期。||北宋早期的瓷器常见的产品有盘、碗、盏托、执壶、盒、罐、梅瓶、多管瓶、盘口壶等，器型纤巧，式样优美。碗、盘常作荷花形式，口沿多处凹进，圈足微微向外撇。多管瓶是这个时期新产品，有四管、五管等。该时期器物胎薄，质地细腻，呈白色，多数器物施淡青釉，部分瓷器外底无釉，用垫环托烧，圈足凌空，有的圈足外撇，足底包釉，外底留有泥条或泥点痕迹，瓷器普遍装饰刻划花，花纹有莲瓣、牡丹、菊瓣、梅花、水草、蕉叶、鱼、鸭、水波纹、龙纹、云纹、八卦和弦纹等，线条纤细娴熟。||北宋中晚期的瓷器有碗、盘、钵、盆、盒、执壶、梅瓶、盏托、盘口壶、多管瓶和罐等，多数为饮食器皿，造型古朴大方，为价廉实用的大众产品。胎呈灰色或淡灰色，施釉薄，釉色青中带黄，碗、盘、盏托等小件器物，外底用垫环或垫饼，放在匣钵内烧成，器物的外底无釉，露灰色胎，有的留有泥点、垫环或垫饼痕迹。||瓷器上盛行篦划刻划花装饰。花纹题材丰富，有团花、篦纹、浪涛、云纹、莲花、荷叶、缠枝牡丹、蕉叶、莲瓣、水波和垂叶纹等。北宋晚期偏晚时开始用刻划的莲花荷叶装饰瓷器，其他纹饰都装饰在执壶、梅瓶、粉盒、盘口壶和多管瓶等器物上，在一件器物分层刻划几种花纹，装饰很讲究。篦纹由中期的多而密变为逐渐减少。在执壶、盘口壶的腹部，常用直线将腹部分成四至八瓜瓣，多数为六瓜瓣。,/images/objects/song-longquanyaogaozuci-wan/culture-01.png,故宫珍藏：宋代龙泉窑青釉瓶,,,,,,,,,,,,,,,故宫博物馆||开封博物馆,https://www.dpm.org.cn/lemmas/239399.html||https://www.kfsbwg.com/#/collectionDetail3D/57,,,,,,,,,,,,,,,,,
object,,song-cizhouyaobaidiheihuahuahuiwenmei-ping,song,ceramic,bottle,harmony,,磁州窑白地黑花花卉纹梅瓶,No. 2026-019,宋,瓷器,白色||黑色,瓷器||白瓷||磁州窑||白地黑花||梅瓶,磁州窑白地黑花花卉纹梅瓶，宋，高39.4厘米，口径3厘米，足径9厘米。,磁州窑白地黑花花卉纹梅瓶，宋，高39.4厘米，口径3厘米，足径9厘米。||梅瓶也称经瓶，最早出现于唐代，宋辽时期较为流行，作盛酒用器。||磁州窑白地黑花花卉纹梅瓶为北京故宫博物院藏宋代瓷器，磁州窑烧制。小口短颈，溜肩瘦腹，通体施黑彩纹饰。肩部饰双层莲瓣与朵花纹，腹部主体为缠枝花卉纹，花瓣饱满，叶脉纤细，腹下呼应朵花与莲瓣纹，各层以弦纹分隔，整体构图满密而主次分明。||此器物体现磁州窑白地黑花装饰的典型风格：在粗胎施化妆土后，以黑彩绘制民间喜闻乐见的题材，如花卉、动物及诗文等，笔触简练，构图自由，兼具水墨画韵味与生活气息。该装饰技法为宋金元时期磁州窑代表品种，展现民窑粗犷豪放的艺术特征。,/images/objects/song-cizhouyaobaidiheihuahuahuiwenmei-ping/hero.png,白地黑花,可追溯至唐代长沙窑的釉下彩技术。主要流程是在瓷坯上施白色化妆土，以斑花石（铁锰料）绘纹，再罩透明釉后高温烧成，形成白地黑花的装饰效果。||磁州窑萌芽于北朝，在北宋末至金初成功创烧白釉釉下黑彩。宋金时期该窑系达到鼎盛，白地黑花技法于此时期成熟并广为流行。元代，白地黑花成为磁州窑装饰的主流。其烧制技艺于2006年被列入国家级非物质文化遗产名录 。,/images/objects/song-cizhouyaobaidiheihuahuahuiwenmei-ping/craft-01.png,文化解读,磁州窑的白地黑花装饰瓷器，充分展现了民窑的粗犷豪放与雄健浑厚之艺术风格，这种风格被人们亲切地称为“磁州窑型”。其独特之处在于，在白度不高且质地粗糙的胎体上覆盖一层化妆土，以此达到粗瓷细作的效果。在这层化妆土上，再运用各种装饰技巧，从而形成了磁州窑别具一格的艺术风貌。||白地黑花装饰是宋、金、元时期磁州窑的标志性特色，其装饰效果颇似中国传统的水墨画卷。纹饰内容广泛，涵盖山水、花鸟、人物等多个方面，同时融入了诗、词、曲等元素，展现出丰富多彩的艺术世界。在绘画技巧上，磁州窑的匠人们以简练的笔触和明快的线条勾勒出形象生动的图案，结构自由灵活，既体现了故事的连贯性，又保留了绘画的构图美感。人物活动、飞翔的群雁、游动的鱼以及画中题诗等元素都以活泼自如的形式呈现，透露出浓厚的生活气息。||从胎釉角度看，宋瓷呈现出多样化的特色。北方窑系的瓷胎以灰或浅灰色为主，而釉色则变化丰富，如钧窑的釉色喻为海棠红、玫瑰紫，宛如晚霞般绚烂；汝窑的釉色则含蓄莹润，如凝脂般堆积。磁州窑则以其独特的结晶釉著称，如油滴、鹧鸪斑等。南方窑系的胎质则以白或浅灰白为主，景德镇窑的青白瓷色如玉质，龙泉窑青瓷翠绿如梅子，哥窑的青瓷则以其独特的断纹美而闻名。定窑的印花图案工整严谨，耀州窑的刻花则犀利潇洒，都为瓷器增添了流动的韵律美。||总的来说，宋朝瓷器以其古朴深沉、素雅简洁的风格，以及千姿百态、各竞风流的器型，为中国劳动人民在世界工艺史上树立了一座丰碑。其突破“南青北白”的局面，品类繁多的器型，优美的釉色，以及多样的装饰方法，都体现了儒文化所倡导的简洁素雅之美，并蕴含着明显的民族精神。,/images/objects/song-cizhouyaobaidiheihuahuahuiwenmei-ping/culture-01.png,宋 磁州窑白地黑花刻花卉纹瓶,,,,,,,,,,,,,,,故宫博物馆,https://www.dpm.org.cn/collection/ceramic/227567.html,,,,,,,,,,,,,,,,,
object,,song-jingdezhenqingbaiyoukehuazhu-hu,song,ceramic,pot,utility,scholar-life-aesthetics,景德镇青白釉刻花注壶温碗,No. 2026-020,宋,瓷器,白色||青色,瓷器||白瓷||景德镇窑||青白釉||注壶||温碗,景德镇青白釉刻花注壶温碗，宋，通高24.3厘米。注壶：高21.5厘米，口径3.5厘米，足径9厘米；温碗：高12.3厘米，口径17厘米，足径9.8厘米。,景德镇青白釉刻花注壶温碗，宋，通高24.3厘米。注壶：高21.5厘米，口径3.5厘米，足径9厘米；温碗：高12.3厘米，口径17厘米，足径9.8厘米。||温酒用具，通常是注壶、注碗组合成套。温酒时将注壶置于注碗中，以碗中热水温之。早在五代时已盛行注子、温碗，其造型多仿金银器，瓜棱形器身比较常见。||注壶直口，折肩，肩部刻划缠枝牡丹纹，对称置弯流、曲柄，圈足。附筒形盖，盖顶置蹲坐狮形纽，仰首翘尾，形象生动。温碗作六瓣葵花形，深弧壁，圈足。注壶与碗通体施青白釉。,/images/objects/song-jingdezhenqingbaiyoukehuazhu-hu/hero.png,刻花装饰法,刻花装饰法是中国传统陶瓷装饰技法之一，通过竹、骨或铁制的平口、斜口刀状工具在未干透的坯体表面刻划纹样，形成凹凸起伏的装饰效果。 该技法以着力较大、雕刻较深为特点，使花纹呈现出立体层次感。||该技法在宋代达到鼎盛，汝窑豆绿色瓷器、耀州窑青瓷、越窑秘色瓷、定窑白瓷及景德镇影青瓷等均广泛采用刻花技法。,/images/objects/song-jingdezhenqingbaiyoukehuazhu-hu/craft-01.png,文化解读,"温碗组合成套，是温酒用具。温酒时将注壶置于温碗中，以碗中热水温之。 从纪年墓出土的实物看，成套的注壶、温碗多为北宋遗物。其中以安徽宿松北宋元祐二年（1087年）吴正臣夫妇墓出土的一套青白釉注壶、温碗最为精美。宋孟元老《东京梦华录》曰：“大抵都人风俗奢侈，度量稍宽，凡酒店中，不问何人，止两人对坐饮酒，亦须用注碗一副，盘盏两副，果菜碟各五片，水菜碗三五只，即银近百两矣。”说明北宋时曾普遍流行使用注壶、温碗。||温酒用具不仅是古代饮酒文化的见证，也是陶瓷艺术中的经典之作。||作为宋代流行的温酒器具，使用方法分三步：先将酒液注入注子，再将注子平稳置于注碗内，最后往注碗注入热水。通过热传导原理实现酒液保温加热，这种设计既能避免明火直接加热导致酒液变质，又能保持酒液最佳饮用温度。宋代文献记载与苏轼""试开云梦羔儿酒，快泻钱塘药玉船""、陆游""铜瓶封口火初温""等诗词均可佐证此类温酒器的广泛使用。||注壶与温碗成对出现，体现宋代日常生活中对温酒礼仪与宴饮之道的讲究，是仕人生活美学的缩影。",/images/objects/song-jingdezhenqingbaiyoukehuazhu-hu/culture-01.png,韩熙载夜宴图 局部,,,,,,,,,,,,,,,故宫博物馆,https://www.dpm.org.cn/collection/ceramic/226960.html,,,,,,,,,,,,,,,,,
object,,song-ruyao-xi,song,ceramic,bowl,utility||harmony,scholar-life-aesthetics,宋汝窑洗,No. 2026-021,宋,瓷器,青色,瓷器||汝窑||笔洗,"北宋（公元960—1127年）
高5.2厘米，口径16.7厘米，底径13.1厘米。","北宋（公元960—1127年）
高5.2厘米，口径16.7厘米，底径13.1厘米。||笔洗，属于文房四宝笔、墨、纸、砚之外的一种文房用具，是桌案上盛水洗笔的器具，是文人雅士的心头所好。",/images/objects/song-ruyao-xi/hero.png,开片,开片是瓷器釉面因坯釉膨胀系数差异或成型工艺影响形成的自然开裂现象，原为烧制缺陷，后演变为装饰技法。其成因与坯泥分子排列方向及坯釉收缩率差异有关 ，分为自然开片（釉面浅裂）与人为开片（裂纹透胎），后者通过配料控制裂纹形态，如宋代哥窑浆胎瓷器。||宋代汝窑、官窑、哥窑以开片釉著称，哥窑“金丝铁线”纹路为典型。明清时期出现仿制工艺，如清代郎窑红釉与绿釉开片。开片按纹路分为冰裂纹、百圾碎等，按工艺分为填充型（裂纹着色）与覆盖型（叠加釉层）。自然开片多呈鱼子、牛毛状，人为开片则需通过胎骨裂纹特征鉴别。,/images/objects/song-ruyao-xi/craft-01.png,文化解读,在宋代，器物不仅满足实用需求，更承载着文人的精神追求和雅致审美。书房中的文房四宝——笔墨纸砚，是文人创作的核心，而其周边产品则更是为书房增添了无尽的趣味。瓷质笔洗在宋代达到了巅峰，成为文人案头不可或缺的雅玩。其中，与笔相关的文房雅玩尤为引人注目。笔洗，作为盛水洗笔的器皿，以其雅致的形制和精湛的工艺受到文人的喜爱。宋代流行的瓷质笔洗，不仅造型别致优美，更融合了实用性与观赏性，使得其款式至今仍广受追捧。 ||常见的笔洗类型包括圆洗类、方洗类和花口洗类等，每一款都充满了艺术魅力。北宋龙泉窑青釉塑贴双鱼纹洗，现藏于故宫博物院。其圆洗类器型设计简约而不失大方，口部呈圆形，整体造型流畅。有的款式甚至无需过多装饰，仅凭器型与釉色的完美结合，便能展现出非凡的艺术魅力。这类器物往往出自名窑之手，品质上乘，自带“优良基因”。,/images/objects/song-ruyao-xi/culture-01.png,宋 佚名 梧阴清暇图轴,,,,,,,,,,,,,,,,,,,,,,,,,,,,,,,,,
object,,ming-diancuiqianzhushijinlongfeng-guan,ming,metalwork,hat,vessel-and-meaning||refined-craft,dress-culture||court-ritual,点翠嵌珠石金龙凤冠,No. 2026-022,明,金银器,蓝色||金色,金银器||点翠||珍珠||宝石,"明神宗孝靖皇后随葬礼冠，1956年北京市昌平区定陵出土，现收藏于故宫博物院。
","孝靖皇太后凤冠，高35.5厘米，径20厘米，重2.95千克。
凤冠是皇后的礼帽，是皇后在接受册命、拜谒宗庙祭祀祖先、参加朝会时所佩戴的。据明永乐三年（1405年）的《明会要》记载，当时规定皇后的凤冠为“九龙四凤冠，漆竹丝为圆框，冒以翡翠，上饰翠龙九金凤四，正中一龙衔大珠一，上有翠盖，下垂结珠，余皆口衔珠滴。珠翠云四十片，大珠花十二树，小珠花如大珠花三数”。
此凤冠以髹漆细竹丝编制，通体饰翠鸟羽毛点翠的如意云片，18朵以珍珠、宝石所制的梅花环绕其间。冠前部饰有对称的翠蓝色飞凤一对。冠顶部等距排列金丝编制的金龙3条，其中左右两条口衔珠宝流苏。冠后部饰六扇珍珠、宝石制成的“博鬓”，呈扇形左右分开。冠口沿镶嵌红宝石组成的花朵一周。",/images/objects/ming-diancuiqianzhushijinlongfeng-guan/hero.png,点翠,"点翠工艺，是一项产生自汉代的中国传统金银首饰制作工艺，属于汉族独有的金属工艺与羽毛工艺结合技法，2014年列入国家级非物质文化遗产名录 。
该工艺以金或鎏金金属制成底胎，将翠鸟背部蓝色羽毛镶嵌其上制成首饰器物，现代多采用染色鹅毛、孔雀羽、丝带等替代材料。点翠首饰具有色彩艳丽、保存时间长等特点。点翠工艺在唐代成为皇室服饰组成部分，宋代皇后冠饰加入龙凤等元素形成固定宫廷样式。清代康熙至乾隆时期达到鼎盛，内务府设专职匠人管理。2018年起，因翠鸟保护争议，相关非遗项目转向合规材料使用。",/images/objects/ming-diancuiqianzhushijinlongfeng-guan/craft-01.png,文化解读,"在中国古代，衣冠服饰系统不仅是日常穿着的体现，更是国家政治与社会运转的基石。中国素有“衣冠上国”之称，衣冠代表着文明、尊卑与政权的合法性。中国古代的“衣冠上国”之名，源于《周易·系辞下》“黄帝、尧、舜垂衣裳而天下治”的典故，指以汉服衣冠为标志的华夏文明，强调服饰与礼仪文化的深度融合。与西方传统中皇冠与权杖更多作为权力与神性符号的象征不同，中国的衣冠制度从一开始就被赋予了更深层的政治与哲学意涵——“垂衣裳”而能“天下治”，意味着服饰本身就是治理的工具、秩序的载体。这套制度将自然秩序、道德理想与政治体制熔铸于衣冠之中，构成了人类文明史上罕见的文化体系。
中国的“礼”，并不仅仅指礼貌或礼仪，而是一套严格的社会等级分类系统。而衣冠，正是这个系统最直观的外在体现。从先秦到明清，着装规范不仅是民间习俗，更是国家礼制的一部分，历朝历代都有详尽的条文律令对服装的材质、色彩、花纹和款式做严格规定，将皇族、文武官员和普通百姓的服饰区分开来，违者重罚。在中国古代服饰中，数字本身就是尊卑等级的标识。服装上的纹样数量，是一种制度的编码，也是一种权力的计量。据明永乐三年（1405年）《明会要》的记载，当时规定皇后的礼服凤冠为“九龙四凤冠，漆竹丝为圆框，冒以翡翠，上饰翠龙九金凤四，正中一龙衔大珠一，上有翠盖，下垂结珠，余皆口衔珠滴”。这件凤冠的制式并非随心所欲的装饰，而是其皇后身份的制度化编码。它在典礼场合的出现，绝不只是一次个人容貌的装点，而是国家礼法在具体时刻的庄严宣告。
纹样同样承载着德性的隐喻：龙代表天子的权威与男性的力量，凤则象征皇后的品德、祥和与女性的尊荣。这顶凤冠上的金龙均为花丝工艺制成，两条口衔珠宝流苏；翠凤采用点翠工艺，以翠鸟羽毛粘贴而成，色泽经数百年依然明丽。整件凤冠以髹漆细竹丝编制，通体饰点翠如意云片，18朵以珍珠、宝石所制的梅花环绕其间，冠后部饰六扇珍珠、宝石制成的“博鬓”，呈扇形左右分开，冠口沿镶嵌红宝石组成的花朵一周。金碧辉煌的配色与繁复的纹饰，体现了至高无上的皇家礼制审美。因此，这件九龙四凤冠并非仅仅是一件奢华的珠宝。在古人眼中，它是国家的秩序，是无声的礼法，是整个文明的全部重量。

",/images/objects/ming-diancuiqianzhushijinlongfeng-guan/culture-01.jpg,明代 香色麻飞鱼袍,,,,,,,,,,,,,,,故宫博物院藏品详情||故宫博物院专题视频,https://www.dpm.org.cn/collection/embroider/231038.html||https://www.dpm.org.cn/buildvideo/detail/259706.html,,,,,,,,,,,,,,,,,
object,,ming-qinghuahaishuibailongwenbian-hu,ming,ceramic,pot,vessel-and-meaning||refined-craft,court-ritual,青花海水白龙纹扁壶,No. 2026-023,明,瓷器,青色||蓝色||白色,瓷器||青花瓷||钴料,明代宫廷的陈设用品，属于清代宫廷旧藏，现收藏于故宫博物院。,"青花海水白龙纹扁壶，高45.3厘米，口径7.8厘米，足径14.5厘米。
壶圆口，口边微外侈，长颈自上而下渐阔，扁圆式腹，椭圆形浅圈足。通体青花为饰，壶口及颈部绘卷草纹和缠枝莲纹各一周。腹部为青花留白海水龙纹，一条矫健威猛的白龙在苍茫无际的大海中遨游，白龙回首曲体，须发飘扬，四肢伸张，呼之欲出。青白相间的波涛上下翻滚，汹涌澎湃，又见点点黑斑，大有铺天盖地、水珠激溅、迎面而来之感。尤其是以青花点白龙双睛，愈显神采。
宣德时期，有“诸料悉备，青花为贵”之说。此壶的装饰过程是先在瓷坯上以尖状工具勾划龙纹轮廓及龙之双目、冠发、厚唇、牙齿、爪趾、鳞等细部，然后在龙身周围用青花料满绘波涛汹涌的海水并施透明釉，入窑高温烧成。
史载，宣德时青花多用郑和从西洋带回的“苏泥勃青”钴料，呈色深艳明亮，如蓝宝石一般，线条间往往有晕散现象，有如水墨画的墨晕，加上错落有致的黑色斑点，使画面产生了非同凡响的艺术效果。",/images/objects/ming-qinghuahaishuibailongwenbian-hu/hero.png,青花,其青花发色浓艳深邃、如蓝宝石般耀眼，关键在于使用了郑和下西洋带回的进口钴料——“苏麻离青”。这种高铁低锰的颜料，在高温烧造后会产生独特的艺术效果：青料浓重处会自然形成深色铁锈斑点，深入胎骨，且笔触边缘伴有朦胧的晕散，如中国传统水墨画般韵味十足。在绘制工艺上，匠人采用了精妙的“青花留白”技法，即在成型的瓷坯上，先用锋锐的工具暗刻出龙纹的轮廓与细部，再以“苏麻离青”在周围满绘汹涌的海水纹，而龙身位置则刻意留白。最后整体施以透明釉高温烧成，凭借青料深浅浓淡的对比，利用深蓝的地子自然衬托出白色的龙纹，实现了绘画、刻划与窑火工艺的完美融合。,/images/objects/ming-qinghuahaishuibailongwenbian-hu/craft-01.png,文化解读,"这件扁壶的每一个装饰细节，都是明代皇权意志的视觉宣言。它的口沿下饰有卷草纹，颈部绘缠枝莲花纹——卷草连绵、莲枝缠绕，暗喻江山永固、福泽绵长；而真正承载权力意志的，是腹部那一片汹涌的蓝与腾跃的白。匠人采用了“地色留白”的装饰方法：满绘深沉的青花海水作为地子，两侧各留出一条白龙，龙身鳞片、鬃发等细节全部以暗刻花技法表现，在具象海水纹的强烈衬托下，白龙呈现出利落的剪影效果，更增添了几分腾云驾雾的空灵与神秘感。
这种“蓝地白花”的视觉反差，正是权力美学的核心——蓝色海水象征着辽阔的江山社稷与帝王驾驭四海的威严，而白色巨龙则是天子本身，以“不画”胜“画”的方式横空出世。龙的双眼以青料点睛，瞬间令白龙“活”起来，呼之欲出。同时，海水龙纹的整体构图也暗合中国传统绘画的“三远法”原则：近景波涛汹涌，细节分明；中景龙身蜿蜒，气势遒劲；远景云气缭绕，虚实相生。这种空间叙事将视觉焦点牢牢锁定在龙身上，营造出白龙仿佛从无尽深渊中破浪而出的磅礴动感。青花呈色浓艳而不失沉郁，层次分明，色调丰富——这是宣德高档青花瓷的典型特征，浓处有铁锈斑深入胎骨，淡处如水墨晕散，恰似一幅用钴料绘于瓷上的皇家水墨画。
因此，这件扁壶不仅是工艺奇观，更是一部凝固在瓷器上的权力圣经。它用“地子衬托花纹”的手法，将帝王的无上权威与传统绘画的空间美学熔铸一体，让每一位观者都能通过那片深蓝海水与白色惊龙，感受到明初宫廷“君临天下、威加四海”的宏大叙事。",/images/objects/ming-qinghuahaishuibailongwenbian-hu/culture-01.png,北宋 王希孟 《千里江山图》,,,,,,,,,,,,,,,故宫博物院藏品详情,https://www.dpm.org.cn/collection/ceramic/226772.html,,,,,,,,,,,,,,,,,
object,,ming-xijiaoloudiaoqiukuiyewenyulanhuaxing-bei,ming,ivory,cup,refined-craft,,犀角镂雕秋葵叶纹玉兰花形杯,No. 2026-024,明,竹木牙角匏,黑色||褐色||铁黑,竹木牙角匏||犀角||镂雕,此杯为花卉型杯之一，造型小巧，刻工精细，角质莹润，是犀角陈设品的杰作，现收藏于故宫博物院。,"犀角镂雕秋葵叶纹玉兰花形杯，明末，高7.8厘米，口径13.5×8.5厘米。
杯色棕黄偏红，用亚洲犀牛角制成。以盛开的玉兰花为造型，将敞阔的杯口雕做五瓣开放的玉兰花形。杯侧镂雕一杈点缀着两朵花蕾的枝干成柄。又将连着花蕾和硕叶的枝茎镂雕成圈，盘结在杯底做足。杯身浮雕的叶及花蕾，前后交错，形态各异。
明代初期，由于文玩清供的兴起，带动了一些文人参与金石、竹木、犀角以及象牙等的雕刻工艺。犀角历来被视为宝物，根据犀角的天然特征雕刻各种纹饰逐渐成为时尚。此杯为花卉型杯之一，造型小巧，刻工精细，角质莹润，是犀角陈设品的杰作。",/images/objects/ming-xijiaoloudiaoqiukuiyewenyulanhuaxing-bei/hero.png,镂雕,镂雕是中国治玉工艺中的传统技法。所谓镂雕是指在一块玉料上进行多次穿插透雕，或由余留的实体部份组成图案，或由雕出的空白部份组成图案，一些研究者称片状的单层图案镂雕作品为透雕作品。,/images/objects/ming-xijiaoloudiaoqiukuiyewenyulanhuaxing-bei/craft-01.png,文化解读,"犀角之所以能在明末跻身文人清玩之列，与其独特的文化属性密不可分。一方面，犀角自古与金、银、玉并列，被视为宝物的代表，《诗经》中即有“兕觥”（犀角酒器）的记载。明人张岱《陶庵梦忆》将“鲍天成之治犀”与“陆子冈之治玉”并列为吴中技绝，足见犀角雕刻在时人眼中的地位。另一方面，犀角自古被列为“四大名药”之首，具有清热、解毒、定惊的药效。古人认为以犀角杯饮酒可强身健体，实用功效与珍贵属性叠加，使犀角杯成为兼具养生功能与精神象征的独特器物。值得玩味的是，明代文人所追求的清供雅物，恰恰选择了一种兼具“药用价值”和“珍稀属性”的材料——这本身反映出一个耐人寻味的文化辩证法：文人在精神上追求超然物外的雅趣，却又在器物层面上依赖珍稀材质赋予的“珍贵感”与“功效说”，以彰显身份与品位。
这件犀角杯满饰玉兰与秋葵——玉兰取其“望春”的雅意，象征高洁与君子之风；秋葵则以其花叶柔美、清雅不俗而备受文人喜爱。杯外壁以镂雕、浮雕技法琢刻繁而不乱的枝叶花蕾，底部以镂空盘结的枝茎为足，杯侧以一杈带花蕾的枝干为柄，整体浑然天成，恰如花木从自然中折取一支，移入掌中。这种对花卉题材的青睐，与明代文人“托物言志”的文化传统密切相关。文人借器物上的自然花木来寄托自身的情操与品格，在案头摆弄之间完成审美的自省与精神的安顿。同时，此类花卉型犀角杯的出现也与犀角材质的特性高度相关——犀角上宽下窄的天然形制，非常适宜雕成花瓣、荷叶等自然造型。工匠与文人设计师共同遵循“因材施艺”的理念，将犀角的天然弧度、色泽纹理与花卉的形态之美融为一体，使器物在造型逻辑上自然合理，在审美意境上又达成了“虽由人作，宛自天开”的妙境。",/images/objects/ming-xijiaoloudiaoqiukuiyewenyulanhuaxing-bei/culture-01.png,明 仇英 《临宋人画册》,,,,,,,,,,,,,,,故宫博物院藏品详情,https://www.dpm.org.cn/collection/bamboo/230707.html,,,,,,,,,,,,,,,,,
object,,ming-tongchongerruzu-lu,ming,metalwork,stove,refined-craft||vessel-and-meaning,incense-culture||court-ritual,铜冲耳乳足炉,No. 2026-025,明,青铜器,褐色||红黑||棕色,青铜器||铜器||宣德炉,明代宣德年间宫廷铸造的铜质香炉，现收藏于故宫博物院。,"铜冲耳乳足炉，明，高6.7厘米，口径10.6厘米。清宫旧藏。铜炉圆形，器表略呈黑漆色。唇边外侈，收颈，鼓腹，下腹圜收，三乳足。口沿上左右两边起冲耳。器外底有减地阳文3行6字楷书：“大明宣德年制”。 附云足铜座。
宣德炉的造型多达数十种，其蓝本多源自古代青铜器或瓷器。如宣德炉中最常见的“冲耳乳足炉”之原型即宋瓷中的“哥窑双耳三足小炉”等。此炉1977年经杨伯达先生鉴定为崇祯年仿。",/images/objects/ming-tongchongerruzu-lu/hero.png,铸造,"采用失蜡法铸造，古代以翻砂制范，近代用石膏，现代则多用硅胶
。基本流程为：制实心内范→以黄蜡、牛油等制成与器形相同的蜡模→外涂范料→温火熔蜡流出→高温焙烧陶范→浇注液态合金→冷却后脱范、上蜡抛光。
加工工序包括铸、凿、嵌、补、挫、刮、磨、烧古。其中“刮”为打磨前剔除铜疵的工序，使用刀口宽不足2mm的长柄小铲刀；“磨”即打磨；“烧古”为作色烧旧，耗时最长，常需数年。",/images/objects/ming-tongchongerruzu-lu/craft-01.png,文化解读,"这件故宫博物院藏的“铜冲耳乳足炉”，高6.7厘米，口径10.6厘米，是一件古老的焚香器具。它不仅是一件宫廷御用的实器，更是承载中国数千年焚香文化的生动载体。焚香，在中国文化中首要的角色是作为人与神、天与地之间的媒介。早在先秦时期，便有“燔柴祭天”的礼仪，将牺牲玉帛置于柴上焚烧，以升腾的烟气敬告昊天上帝。这种“以烟达意”的仪式感，在后世被完整地保留在了香炉的使用中。
除了庄重的礼仪之用，焚香在中国的文人生活中，更是一种不可或缺的精神滋养。从苏轼的“晨兴半炷茗香”到明人笔记中随处可见的炉香记载，香炉已成为中国文人书斋的标配。古时的香炉用途极广，主要有三种：一是用来薰衣。在重要的礼仪场合，必须将衣服熏香方为不失礼仪；第二种是书房必备之器，为读书人营造“红袖添香夜读书”的雅致意境；最后一种也是最核心的，即专用来供祀神佛，多用于庙堂之上或家中佛堂。古人称“文房百器，炉为首器”，说的正是这案头燃香的香炉；而香炉之中，又被推为“文房诸器，宣炉为首”。由此可见这件铜炉在文人心目中的至高地位。一炉清香，也常被视为琴、棋、书、画等文人雅集的背景。飘渺的香烟，与精美的古器相映成趣，是激发文人墨客创作灵感的源泉。这件沉静古朴的铜炉，便是这种文人风雅生活方式的缩影。
值得一提的是，这件铜炉并非寻常之物，其炉底镌刻的“大明宣德年制”楷书款，揭示了它不凡的“皇家血统”。宣德炉是中国历史上第一次使用黄铜铸造的铜器，由明宣宗朱瞻基在宣德三年（1428年）亲自参与设计监造。宣德炉的出现，源于宣宗皇帝的一个“执念”。他见郊坛、太庙中的祭器式样鄙陋，恰逢暹罗国（今泰国）进贡了数万斤精美的“风磨铜”，便下旨用这批铜料，融合《宣和博古图》的商周古韵与宋代名窑的典雅，铸造一批全新的祭祀礼器。",/images/objects/ming-tongchongerruzu-lu/culture-01.png,铜冲耳乳足炉,,,,,,,,,,,,,,,,,,,,,,,,,,,,,,,,,
object,,ming-qingyumingtaizuyi-ce,ming,,,vessel-and-meaning||ritual-order,court-ritual||afterlife-belief,青玉明太祖谥册,No. 2026-026,明,玉石器,,玉石器||青玉||玉册,明太祖朱元璋于洪武三十一年（1398年）闰五月卒，年七十一。葬孝陵，庙号太祖，谥号高皇帝。此册为永乐即位时上谥。,"这件谥册由青玉制成，通体呈现出温润的青色。它由6片长条形玉板构成，每片玉板长约24.5厘米，宽约9.7厘米，厚约1.2厘米。这些玉板用黄色的织金缎连接在一起，形成了一部完整的册书。仔细观察，每片玉板又是由四条玉块拼接而成，体现了当时的工艺水平。册文的内容由楷书书写并填以金粉，显得格外庄重。册中只有2至5片刻有文字，第1片刻有四条龙纹，作为装饰和引导，而最后一片则保持光素无字。

这件谥册的核心价值在于它所承载的历史信息。它是在永乐元年（公元1403年），由明成祖朱棣为他的父亲，即开国皇帝明太祖朱元璋，追尊谥号时所用的官方册书。朱元璋于洪武三十一年（公元1398年）去世，庙号为太祖，最初的谥号为“高皇帝”。朱棣即位后，特意重新为父亲制定了更为尊崇的谥号——“圣神文武钦明启运俊德成功统天大孝高皇帝”。为了强调自己继承大统的合法性，朱棣还将自己的名号“孝子嗣皇帝臣棣”赫然刻于册文之上。",/images/objects/ming-qingyumingtaizuyi-ce/hero.png,镂雕,镂雕是中国治玉工艺中的传统技法。所谓镂雕是指在一块玉料上进行多次穿插透雕，或由余留的实体部份组成图案，或由雕出的空白部份组成图案，一些研究者称片状的单层图案镂雕作品为透雕作品。,/images/objects/ming-qingyumingtaizuyi-ce/craft-01.png,文化解读,"“青玉明太祖谥册”是故宫博物院收藏的一件明代皇家礼器，它以温润的青玉为载体，将一代开国帝王的身后评价与皇权继承的法理逻辑凝固于规整的玉板之上。要理解这件文物的深层意蕴，首先需要回到中国人对于“玉”的独特文化心理。从先秦时期起，玉就不仅是珍稀的矿物，更被儒家赋予了完整的人格象征意义。孔子论玉有十一德，以玉的温润比喻仁，以缜密比喻智，以廉而不刿比喻义；东汉许慎则在《说文解字》中将玉的特质概括为仁、义、智、勇、洁五德。“君子比德于玉”的观念由此深入人心，使得任何以玉制作的礼器，都天然地承载着道德理想与人格典范的期许。正因如此，当明成祖朱棣在永乐元年为自己的父亲朱元璋追尊谥号时，选用青玉来镌刻这册关乎国家根本的文字，便不仅仅是一项等级上的物质选择——用玉本身，就是以一种无声而庄重的文化语言，宣告着这位开国君主应当具备的完美德行与天命所归。

这件谥册由六片长条形玉板构成，每片长约24.5厘米，宽约9.7厘米，厚约1.2厘米，以黄织金缎相连。首片浮雕四条龙纹，末片光素无字，中间四片阴刻楷书谥文并填以金粉。从形制到材质，它严格遵循着明初确立的皇家仪轨。而其中贯穿始终的，是中国古代“事亡如事存”的礼制精神——生前如何尊奉，死后亦当如是。谥法本身源自西周，其核心在于“谥者，行之迹也”，即用一个固定的褒贬用词对逝者一生进行道德评判。到了明代，这套制度被进一步规范化：谥册制成后，须在隆重的太庙告祭仪式中由嗣皇帝亲自诵读，随后供奉于皇家宗庙，与列祖列宗的灵位朝夕相伴。整个过程从选材、制作到陈设，无不浸透着儒家礼法对等级与秩序的极致追求。朱元璋本人登基后“首开礼、乐二局，广征耆儒，分曹研究”，正是要以礼制的完备来彰显新朝的合法性。而“青玉明太祖谥册”恰恰是这一礼制建设工程中最具分量的成品之一——它不仅仅是追悼文书，更是一件用物质形态固化下来的国家仪典，维系着君臣之别、嫡庶之分，也维系着王朝的道德与法统。

然而，礼制从来不是空洞的形式，它往往与最现实的政治操作紧密交织。这册青玉所承载的远不止哀荣，更是一份关于皇权合法性的郑重宣言。制作于永乐元年的这件谥册，恰逢朱棣刚刚通过“靖难之役”从侄儿建文帝手中夺得帝位。如何向天下证明自己承继大统的天命所归，是他面临的最紧迫的政治课题。他所采取的方式之一，便是重新定义父亲朱元璋的历史地位——将原先仅四字的“高皇帝”谥号，加谥为长达十字的“圣神文武钦明启运俊德成功统天大孝高皇帝”。这并非简单的尊崇，而是在以儒家最高理想人格重新塑造开国皇帝的形象：强调朱元璋“由天授命”，是一位近乎完美的圣王。既然太祖受命于天，那么作为被太祖亲自指定的继承者，朱棣的统治自然也就获得了天命的直接背书。值得注意的是，古人早已将“玉”与“天命”“王权”紧密联系在一起——史前时期玉被视为沟通神人的中介，三代时王者以“瑞玉”等邦国，玉器始终是权力合法性的重要物质符号。朱棣选用青玉来镌刻这一篇旨在重建合法性的谥文，正是利用了玉在传统文化中既象征“君子之德”又象征“天命所归”的双重意涵。谥文末尾那句“孝子嗣皇帝臣棣”的署名尤其耐人寻味：在礼法上，只有直系继承者才有资格以“孝子”自称，朱棣刻意略过建文帝，直接以朱元璋之子的身份执掌谥礼，等于在仪典层面宣告自己是太祖唯一的合法继承人，从而抹去了建文朝的全部存在痕迹。这种围绕谥法展开的合法性建构，深刻体现了中国政治文化中“正名定分”的传统——通过确立一个完美的、符合道统的先帝形象，继任者得以将自己嵌入神圣的血脉与法统链条，从而稳固根基。",/images/objects/ming-qingyumingtaizuyi-ce/culture-01.png,孝端文皇后谥册,,,,,,,,,,,,,,,故宫博物馆,https://www.dpm.org.cn/collection/jade/232943.html,,,,,,,,,,,,,,,,,
object,,qing-zitandiaoyunlongwen-baozuo,qing,wood-bamboo,stand,refined-craft||vessel-and-meaning,court-ritual,紫檀雕云龙纹宝座,No. 2026-027,清,竹木牙角匏,,竹木牙角匏||紫檀木||木器,清紫檀雕云龙纹宝座是清代宫廷御用家具的典型器物，现收藏于上海博物馆。,清紫檀雕云龙纹宝座是清代宫廷御用家具的典型器物，现收藏于上海博物馆。该宝座采用名贵紫檀木通体满雕，整体呈三屏风形制，边框作卷云状雕饰。座面以深浅浮雕结合技法，在靠背中央雕刻降龙纹，下部呈现二龙戏珠与江山纹组合，两侧扶手及腿足满布云龙纹，束腰处雕有象征福寿的云蝠纹，托腮部位装饰莲瓣纹。通过加大坐具深阔度的特殊设计，强化了帝王威仪的视觉表达，集中体现了清代宫廷家具制作工艺的巅峰水平 。,/images/objects/qing-zitandiaoyunlongwen-baozuo/hero.png,榫卯,榫卯是一种古老的木构件连接方式，主要通过凹凸部位的结合来实现。榫是凸出的部分，卯是凹进去的部分。最基本的榫卯结构由两个构件组成，其中一个的榫头插入另一个的卯眼中，使两个构件连接并固定。这种结构不仅坚固，而且能够有效限制木件之间的扭动，具有很高的稳定性和耐久性。,/images/objects/qing-zitandiaoyunlongwen-baozuo/craft-01.png,文化解读,紫檀雕云龙纹宝座是中国古代宫廷家具中等级最高、工艺最精湛的坐具代表，其文化内涵深刻体现了‌皇权至上‌、‌吉祥寓意‌以及‌清代中期极致的工匠精神‌。||宝座是古代椅子中等级最高的形制，专供皇帝、皇后或太后使用，严禁民间僭越。其体量宽宏、气势威严，旨在通过物理空间的高度与广度强化统治者的权威 。||装饰纹样严格遵循礼制。常见的“五组龙纹”（如靠背中央一龙、两侧各二龙，或正背共五条龙）暗合《易经》中“九五，飞龙在天”之意，象征皇帝受命于天、君临天下 。部分九屏式宝座更雕刻九龙，直接对应“九龙至尊”的概念 。||靠背正面中央雕一龙从天而降，其下雕二龙戏珠，再下雕江河山岳，真龙天子君临江山。靠背下部三处浮雕寿山福水图案，寓意“福如东海、寿比南山”。座面下高束腰雕云蝠纹，寓意吉祥。,/images/objects/qing-zitandiaoyunlongwen-baozuo/culture-01.png,紫檀雕云龙纹宝座 局部,,,,,,,,,,,,,,,上海博物馆,https://www.shanghaimuseum.net/mu/frontend/pg/article/id/CI00020001,,,,,,,,,,,,,,,,,
object,,qing-yixingzishatiliang-hu,qing,ceramic,pot,utility||refined-craft,tea-culture,宜兴紫砂提梁壶,No. 2026-028,清,陶器,黄色,紫砂||茶壶,宜兴窑紫砂提梁壶，清，通高14.5厘米，口径8.2厘米，足径7.3厘米。,宜兴窑紫砂提梁壶，清，通高14.5厘米，口径8.2厘米，足径7.3厘米。||壶体呈圆形、鼓腹、平底。高架三叉提梁相交于壶体上方，曲中有直，直中有弯，勾勒婉转，信手而成附圆盖隆起，盖顶置太湖石形钮。砂泥呈黄色，质地细润。此壶提梁的造型与壶身浑然一体，使作品具有平衡性而又不失活泼。||清中期以后，提梁壶多由单提梁改为双提梁，既增加了壶的稳定性，又体现出壶形的美观。,/images/objects/qing-yixingzishatiliang-hu/hero.png,紫砂,紫砂是一种介于陶器与瓷器之间的陶瓷制品，其特点是结构致密，接近瓷化，强度较大，颗粒细小， 断口为贝壳状或石状，但不具有瓷胎的半透明性。宜兴紫砂器胎质具有这种特性，而且，于器表光挺平整之中，含有小颗粒状的变化，表现出一种砂质效果。||紫砂器的泥色有多种，俗称“五色土”，除去主要“五色”的朱泥、紫泥、段泥、黑泥、墨绿泥外，尚有白泥、乌泥、黄泥、松花泥等各种色泽，紫砂器不挂釉，而是充分利用泥本色，烧成后色泽温润，古雅可爱，紫砂器面还具有亚光效果，既可减弱光能的反射，又能清晰地表现器物形态、装饰与自身天然色泽的生动效果。,/images/objects/qing-yixingzishatiliang-hu/craft-01.jpeg,文化解读,紫砂陶质地古朴纯厚，不媚不俗，与文人气质十分相似，以至文人深爱笃好、以坯当纸，或撰壶铭，或书款识，或刻以花卉，刻以印章，托物寓意，每见巧思。||紫砂茶壶是‌江苏宜兴特产‌的手工陶土茶具，‌透气性好、泡茶不走味‌，从明代正德年间流传至今已有 500 多年历史 。‌‌||茶道是一种以茶为媒的生活礼仪，也被认为是修身养性的一种方式，它通过沏茶、赏茶、饮茶，增进友谊，美心修德、学习礼法，是很益的一种和美仪式。茶道最早起源于中国。日本的煎茶道、中国台湾地区的泡茶道都来源于中国广东潮州的工夫茶。中国人至少在唐或唐以前，就在世界上首先将茶饮作为一种修身养性之道，唐朝《封氏闻见记》中就有这样的记载：“茶道大行，王公朝士无不饮者。”这是现存文献中对茶道的最早记载。当时社会上茶宴是一种很流行的社交活动。唐吕温在《三月三茶宴序》中对茶宴的优雅气氛和品茶的美妙韵味，作了非常生动的描绘。在唐宋年间，人们对饮茶的环境、礼节、操作方式等饮茶仪程都很讲究，有了一些约定俗成的规矩和仪式，茶宴已有宫庭茶宴、寺院茶宴、文人茶宴之分。文学家王心鉴对茶饮在修身养性中的作用也有了相当深刻的认识，他在《咏茶叶》诗中说：千挑万选白云间，铜锅焙炒柴火煎。泥壶醇香增诗趣，瓷瓯碧翠泯忧欢。老聃悟道养雅志，元亮清谈祛俗喧。不经涅槃渡心劫，怎保本源一片鲜。,/images/objects/qing-yixingzishatiliang-hu/culture-01.png,清 紫砂壶,,,,,,,,,,,,,,,宜兴紫砂-百度百科,https://baike.baidu.com/item/%E5%AE%9C%E5%85%B4%E7%B4%AB%E7%A0%82/7736764,,,,,,,,,,,,,,,,,
object,,qing-yanzhihongdifalangcaikaiguanghuahuiwen-wan,qing,ceramic,bowl,refined-craft||fusion,court-ritual,胭脂红地珐琅彩开光花卉纹碗,No. 2026-029,清,瓷器,红色||黄色||白色,瓷器||珐琅彩||碗,胭脂红地珐琅彩开光花卉纹碗，清康熙，高7厘米，口径14.8厘米，足径5.7厘米。,"胭脂红地珐琅彩开光花卉纹碗，清康熙，高7厘米，口径14.8厘米，足径5.7厘米。||碗撇口，深弧壁，圈足。内施白釉，无纹饰，外壁在涩胎上以胭脂红彩作地，设三个花形开光，开光之间隔以缠枝花纹。三个开光内均以黄料彩作地，各绘牡丹花一朵。圈足内施白釉。外底署蓝料彩楷体“康熙御制”四字方款，外围双方框，框线外粗内细。牡丹花以工笔技法绘就，极具写实感。
采用开光技法装饰是康熙珐琅彩瓷器的特点之一，这种技法可以使所表现的主题更加鲜明突出。",/images/objects/qing-yanzhihongdifalangcaikaiguanghuahuiwen-wan/hero.png,珐琅彩,珐琅彩工艺是一种复杂而精细的手工艺术，主要包括以下几个步骤：原料准备：使用硅酸盐矿物、珐琅粉和硼酸等材料制作玻璃釉料，这些原料需要精细研磨和筛选以确保釉料的纯净和均匀。 器皿制作：将铜、银等金属材料制作成需要进行珐琅彩绘制的器皿或饰品，然后用珐琅釉料均匀涂覆在表面。 烧制过程：通过高温烧制使釉料与金属牢固结合，形成独特的装饰效果。,/images/objects/qing-yanzhihongdifalangcaikaiguanghuahuiwen-wan/craft-01.png,文化解读,"在中国古代瓷器发展史上，清代雍正时期的珐琅彩瓷器代表着陶瓷艺术的最高成就。其中，雍正御制珐琅彩碗更是宫廷御用瓷器中的精品，凝聚了当时最精湛的工艺技术和最纯粹的审美追求。这类瓷器不仅具有极高的艺术欣赏价值，更因其存世量稀少而成为国际收藏市场竞相追逐的对象。在明清彩瓷中最富有传奇色彩的就是珐琅彩，""珐琅""这个词本意是从法语来的，""珐琅""的意思是指""珐琅""这个词本意是从法语来的，""珐琅""的意思是指：一种可以烧熔的矿物质，能够均匀地附着在器物的表面。||珐琅彩是瓷器装饰手法之一，别名瓷胎画珐琅，后人称“古月轩”，国外称“蔷薇彩”，源于铜胎画珐琅技法的移植。该工艺在清宫造办处烧制 [3]，釉面具有油质感和玻璃质感，立体感强，彩料流动性好，画面纯净明朗。||珐琅彩创烧于清代康熙晚期，在雍正、乾隆时期得到极大发展并达到产量高峰。珐琅彩瓷器专为宫廷御用，制作精细且数量稀少，存世完整器仅约400件。||乾隆珐琅彩瓷为清代乾隆朝宫廷御用瓷器，由景德镇御窑厂提供瓷胎，经清宫造办处珐琅作绘制并二次烧造而成，被称为“瓷胎画珐琅”。其继承雍正时期工艺并进一步发展，数量均超康雍两朝，器形丰富，仅瓶类即有蒜头瓶、双联瓶等十余种，日用器皿如茶具、盒具数量大增。装饰题材突破传统花鸟范畴，新增山水人物、仙山楼阁及西洋题材，工艺融合彩绘、描金、凸印、开光、轧道等技术，延续诗书画印一体风格，配以御题诗句及印章。||制品以细腻彩料、鲜明纹饰及玻璃质感为特征，珐琅料在雍正六年（1728年）以前需依赖从欧洲进口，此后清宫造办处已能自炼20余种珐琅料。||器底年款统一使用蓝色珐琅料书写“乾隆年制”四字款，款识有宋椠体双方栏款、“金钱款”及“图章款”等形式。||乾隆时期，宫中收藏的珐琅彩瓷器曾集中存放在端凝殿，有400多件。乾隆后期因经济衰退、督陶官唐英离任导致素胎瓷供应不足，珐琅彩瓷逐渐停烧。",/images/objects/qing-yanzhihongdifalangcaikaiguanghuahuiwen-wan/culture-01.png,清乾隆款珐琅彩黄地缠枝莲花奔纹碗,,,,,,,,,,,,,,,故宫博物院,https://www.dpm.org.cn/collection/ceramic/227903.html,,,,,,,,,,,,,,,,,
object,,qing-qianlongjinqianbaojinouyonggu-bei,qing,metalwork,cup,vessel-and-meaning||refined-craft,court-ritual,清乾隆金嵌宝金瓯永固杯,No. 2026-030,清,金银器,金色,金银器||珍珠||宝石||杯,金瓯永固杯，高12.5厘米，口径8厘米。  杯金质，鼎式，圆形，直口。,金瓯永固杯，高12.5厘米，口径8厘米。  杯金质，鼎式，圆形，直口。||口沿錾回纹一周，一面中部錾篆书“金瓯永固”，一面錾“乾隆年制”四字款。外壁满錾宝相花，花蕊以珍珠及红、蓝宝石为主。两侧各有一变形龙耳，龙头上有珠。三足皆为象首式，象耳略小，长牙卷鼻，额顶及双目间亦嵌珠宝。  乾隆年间，清宫造办处制造了各式酒杯，其中不乏龙耳作品，且式样颇多，但这种以象鼻为足的作品却很少。这件金杯的设计及加工皆属上乘，是皇帝专用的酒杯。,/images/objects/qing-qianlongjinqianbaojinouyonggu-bei/hero.png,錾刻,錾刻是以金、银、铜等金属材料为载体，通过特制錾刀与锤击技法塑形的中国传统手工技艺，其源头可追溯至商周青铜器纹饰加工。||核心技法包含勾、落、串等十余种刀法，需配合翻模具、库坯、焊接等工序流程，技艺传承者需自制数百种形状的錾子以适应不同纹样需求。,/qing-qianlongjinqianbaojinouyonggu-bei/craft-01.png,文化解读,清乾隆金嵌宝金瓯永固杯在杯身的左右两侧各有一条向上奔腾的夔龙，代表着生机与威严 ；寓意大清的疆土、政权永固，是清代皇帝在每年新年举行开笔仪式的时候专用的酒杯。每年新年凌晨子时，皇帝都要在养心殿明窗，把清乾隆金嵌宝金瓯永固杯放在紫檀长案上，在杯中注入屠苏酒，然后亲自点燃蜡烛，提起毛笔，书写祈求江山社稷平安永固的吉语，所以清乾隆金嵌宝金瓯永固杯被清代皇帝视为珍贵的祖传器物。||清乾隆金嵌宝金瓯永固杯的文化意义，核心在于“金瓯永固”四字所承载的“疆土完整、皇权永续、国泰民安”的政治象征，是清代元旦“明窗开笔”仪式中皇帝亲用的礼器，融合满汉艺术、皇家礼制与顶级工艺，体现乾隆朝“以器载道”的治国理念。‌‌||“金瓯”典出《南史》，喻国家疆土如金制器皿般坚实无缺；“永固”直抒政权长治久安之愿‌，杯身篆书此四字，直指其作为皇权与国土象征的核心寓意。||专用于每年元旦（春节）子时在养心殿“明窗开笔”仪式‌：盛屠苏酒、燃玉烛、书吉语，以仪式化方式表达“政通人和、社稷永固”的帝王祈愿，是清帝“家国一体”统治合法性的具象化载体。设计意象密集融合吉祥符号‌：夔龙耳象征威权与升腾之力，象首足谐音“太平有象”，宝相花代表佛法昌隆与盛世繁荣，点翠（已多脱落）与珍珠宝石（珍珠、红蓝宝石、碧玺）彰显“珠玉满堂、祥瑞云集”的皇家祥瑞观。工艺与材质本身即政治宣言‌：耗金二十两（清库平）、动用造办处最精花丝镶嵌匠人、乾隆亲自十易其稿，体现“不惜工本以彰天命”的盛世自信，亦成清代金银工艺巅峰代表。||四杯分藏两岸及伦敦（两件在华莱士博物馆）‌，既见证清宫礼制传承（嘉庆重制仍循旧制），也承载近代文物流散之痛，今被列为《国家宝藏》级国宝，兼具历史、艺术与民族记忆价值。‌‌此杯非日常饮器，而是‌连接天时（元旦子时）、地舆（金瓯喻疆）、人君（皇帝亲执）的神圣礼器‌，其文化意义远超奢华器物，实为清代中期君主专制与宇宙观在物质层面的浓缩表达。‌‌,/images/objects/qing-qianlongjinqianbaojinouyonggu-bei/culture-01.png,英国 伦敦华莱士典藏馆 清 乾隆四年,,,,,,,,,,,,,,,故宫博物院,https://www.dpm.org.cn/collection/tinware/234538.html,,,,,,,,,,,,,,,,,
object,,qing-xiangyasibianzhihua-wanshan,qing,textile,fan,refined-craft,fan-culture||court-ritual,清象牙丝编织花鸟纨扇,No. 2026-031,清,织绣,,象牙||扇,清象牙丝编织花鸟纨扇为清中期宫廷御用纺织品，现存于世。该扇通柄长57.5cm，扇面长33.6cm，呈腰圆芭蕉形，上部微卷。,"清象牙丝编织花鸟纨扇为清中期宫廷御用纺织品，现存于世。该扇通柄长57.5cm，扇面长33.6cm，呈腰圆芭蕉形，上部微卷。||扇边包镶玳瑁框，配淡绿色花蝶纹画珐琅柄，嵌骨珠并系明黄色丝穗。扇面以不足0.1cm宽的象牙丝编织而成，中心嵌棕竹梁，饰铜镀金点翠錾蝙蝠纹护顶及橙、紫、黄、红四色蜜蜡护托，护托表面浮雕盘夔纹与宝相花纹。其上浅浮雕玉兰、芍药与蓝甸鸟纹饰，工艺精巧，色彩华贵。此类象牙丝编织及嵌色工艺为广州工匠所擅长，清代""宫中进单""多载广东进贡此类器物。||扇面为腰圆芭蕉形，上部微卷。扇边包镶玳瑁框，淡绿色彩绘花蝶纹画珐琅柄，嵌骨珠，并系有明黄色丝穗。扇面中心嵌棕竹梁，镶有铜镀金点翠錾蝙蝠纹护顶，梁的上、中、下部各嵌有浮雕盘夔和宝相花纹的橙、紫、黄、红四色蜜蜡护托。细润洁白的扇面是用薄如细篦的牙丝编织而成，牙丝宽不足0.1cm。扇面自柄托向上嵌有染牙浅浮雕玉兰、芍药等花卉及蓝甸鸟。扇面纹饰精致细密，孔缝均匀，经纬片的拼合天衣无缝，色彩绚丽，雍容华贵。",/images/objects/qing-xiangyasibianzhihua-wanshan/hero.jpg,嵌色,所谓“嵌色”并非如景泰蓝的珐琅填彩，亦非螺钿或蜜蜡贴嵌，而是‌染色象牙本体的拼嵌‌，强调材质本色与雕工的结合。‌‌染色多用天然或矿物性颜料（如苏木、靛蓝等），结合‌浅浮雕+阴刻+镶嵌‌完成，属“广派”牙雕的“劈丝、染雕、拼嵌”综合技法。用整块或片状象牙预先浅浮雕成型，再经染色（常见红、黄、紫、蓝等）后，镶嵌于牙丝底上‌，形成色彩对比与立体装饰。,/images/objects/qing-xiangyasibianzhihua-wanshan/craft-01.png,文化解读,纨扇是中国传统手工艺术珍品，起源于西汉时期，盛行于汉至宋代，又称宫扇、团扇。以细绢为面、竹木为骨架制成的圆形或腰圆形有柄团扇，为中国传统手工艺术品。其形制在南北朝时期已具较大扇面，隋唐时期取代麈尾成为主流扇种，常见于《步辇图》《簪花仕女图》等绢本绘画 。该器物在文学作品中常承载文化隐喻，如班婕妤《怨歌行》以“团团似明月”暗喻女子命运的变迁，成语“秋风纨扇”则借季候更替象征女子失宠。其制作技艺作为非遗文化课程内容，传递团圆友善的吉祥寓意 。||其以竹为边框，扇面用洁白的丝娟，早期多为圆形，后乃有六角、海棠等样式，上画山水楼台、草虫花鸟等 。北宋纨扇书画作品存世，元代以后纨扇书画式微，清代通过扇弓处理工艺已能有效控制扇面平整度。||制作工艺以蜀地及苏杭地区为代表，扇柄选用湘妃竹、象牙等材质，融合缂丝、雕刻等技艺，明代改进为双面绷绢扇面，清代采用矾绢材质提升书画表现力 。缂丝工艺始自唐代，繁盛于宋代，清代运用于团扇制作，多为宫廷御用。||班婕妤《怨歌行》以“裁为合欢扇，团团似明月”奠定其团圆意象，宋代端午宫中有赐扇习俗，历代文人借扇抒怀，宋徽宗创作有《草书七言诗纨扇》等名作。宋代后与折扇并行，清代工艺创新复兴，缂丝团扇运用勾、戗等技法制作花鸟题材扇面。,/images/objects/qing-xiangyasibianzhihua-wanshan/culture-01.png,挥扇仕女图 局部,,,,,,,,,,,,,,,,,,,,,,,,,,,,,,,,,
term,glossary,scholar-life-aesthetics,,,,,utility||harmony,士人生活美学,,,,,,,,/images/glossary/scholar-aesthetics/hero.png,,,,,,,,FALSE,,简介,士人生活美学，是中国古代士大夫阶层在日常起居中注入审美追求而形成的一整套生活方式与精神传统。它将琴棋书画、品茗焚香、插花挂画、赏石造园、文房清玩等诸多雅事融为一炉，使寻常生活本身成为审美实践与人格修养的载体。不同于宫廷美学以富贵权势示人，亦有别于民间美学以吉祥热闹为尚，士人生活美学的底色是“清”与“雅”——清则不俗，雅则含蓄。它不求视觉的冲击与感官的刺激，而追求在简淡之中见深远，在朴素之中见精致，在日常之中见超越。一炉香、一盏茶、一轴画、一方砚，看似寻常之物，在士人手中却成为安顿身心的道场。这种将生活艺术化、将艺术生活化的取向，是中国文化最具辨识度的精神遗产之一。||士人生活美学承载在那些被反复品赏、摩挲、吟咏的“长物”与“清玩”，书斋是其核心空间，而书斋中的陈设便是士人精神世界的物化。文房四宝居其首——笔有宣笔、湖笔之辨，墨有松烟、油烟之别，纸以澄心堂为贵，砚以端歙为尊，一方老坑端砚，石色青紫，抚之如婴肤，磨墨时清响如叩玉，是士人案头最忠实的伴侣。茶器与香器亦不可或缺——宋代建窑兔毫盏在茶汤映照下流光变幻，明代宜兴紫砂壶经年使用而温润有光，宣德炉宝光内敛、素净沉着，炉瓶三事陈于几案，便是一角幽境。挂画与插花则将时节与心境引入室内——一轴山水悬于素壁，可卧游千里；一瓶寒梅立于案头，便是岁寒之心。至于园林，则是士人生活美学向空间的延伸——叠石为山、引水为溪，回廊曲折处有花窗借景，半亭翼然处可听雨赏月，苏州拙政园、网师园、留园诸名园，无不是士人审美理想的立体呈现。这些器物与空间，汉代尚朴拙厚重，唐代尚华贵开放，宋代尚素净内敛，明代尚精雅合度，清代或尚繁缛工巧或承明式清雅，一路演变而始终不离“以器载道”的核心精神。,/images/glossary/scholar-aesthetics/hero.png,历史发展,士人生活美学的源头，可追溯至先秦。孔子“饭疏食饮水，曲肱而枕之，乐亦在其中矣”的从容，颜回“一箪食，一瓢饮，在陋巷”而不改其乐的淡泊，已将精神的高贵与物质的清简绾结在一起，为后世士人的生活方式奠定了人格基调。不过彼时尚无系统的生活美学，更多是一种道德的自觉。||汉代士人的审美意识开始萌蘖。司马相如以琴挑文君，琴作为士人抒情言志的载体进入日常生活；张衡归田后“弹五弦之妙指，咏周孔之图书”，田园之乐与琴书之趣开始成为士人退隐生活的理想范式。与此同时，博山炉的仙山意象、漆器的云气纹样、画像石的宏大叙事，共同构成了汉代深沉雄大而又不乏浪漫的文化氛围，士人在其中开始有意识地以器物寄托情志。魏晋南北朝是士人生活美学自觉的关键期。乱世之中，嵇康临刑索琴弹《广陵散》，阮籍穷途而哭以寄孤愤，他们以惊世骇俗的行为艺术重构了日常生活与人格表达的关系。王羲之兰亭雅集，曲水流觞，一觞一咏，将饮酒、赋诗、赏景、论道融为一场审美盛宴，《兰亭集序》遂成为中国文人雅集的精神图腾。陶渊明归园田居，“采菊东篱下，悠然见南山”，将田园日常提升为诗意栖居的典范。至此，士人的生活方式不再只是道德修养的手段，而成为审美品格的直接表达。唐代国力昌盛，士人生活美学在开放包容的时代氛围中呈现出前所未有的丰富性。王维辋川别业半官半隐，以诗人画家的眼光经营山水园林，“行到水穷处，坐看云起时”不仅是诗，更是生活本身。白居易中隐洛阳，筑园履道里，蓄妓、饮酒、品茶、赏石，其《池上篇》细致描绘了士人园林生活的理想图景。陆羽《茶经》将饮茶系统化为一门艺术，陆龟蒙、皮日休以渔樵诗相唱和，文人士大夫开始有意识地将日常琐事提炼为审美经验。宋代是士人生活美学的成熟与精雅化时期。“四般闲事”——焚香、点茶、挂画、插花，成为士人日常修养的必修课，它们既非宗教仪轨，亦非职业技艺，而是生活本身的艺术化实践。苏轼一生坎坷，却以“东坡肉”“东坡笠”“东坡赏石”将困顿化为豁达，将日常变为传奇，是士人生活美学最生动的诠释者。欧阳修号“六一居士”，以藏书一万卷、金石遗文一千卷、琴一张、棋一局、酒一壶、老翁一人自况，将生活器物与生命境界直接等同。米芾拜石、林逋梅妻鹤子、赵佶以帝王之身经营画院与艮岳，宋人将审美深深嵌入日常的一饮一啄、一草一木之中。明代是士人生活美学的理论总结与全面普及期，文震亨《长物志》对室庐、花木、水石、禽鱼、书画、几榻、器具、衣饰等十二类“长物”作了系统而精微的审美规定，何者宜雅、何者忌俗，皆有法度可循。高濂《遵生八笺》将起居、饮食、赏玩、养生纳入一个完整的生活美学体系。袁宏道以“趣”论人生，李渔以“闲情”著书，屠隆以“清言”寄兴，士人们在著述中将生活审美的经验上升为理论。与此同时，明中后期商品经济的繁荣使文玩清供不再是士大夫的专利，富商市民亦竞相附庸风雅，士人生活美学在雅俗之间形成了一种微妙的张力。清代士人生活美学呈现出继承与分化并行的态势。一方面，康乾盛世中宫廷审美以繁缛富丽为主导，但士人群体内部仍延续着明代的清雅传统。李渔《闲情偶寄》于戏曲、园林、饮食、器玩皆有精到之论，将日常生活审美化推向更细腻、更系统的层面。扬州八怪以书画寄寓不羁之性，郑板桥画竹题诗，将文人风骨与日常笔墨融为一体。另一方面，满汉文化的交融、西洋器物的传入，使清代士人的书斋中出现了一些前代未有的新元素——自鸣钟、鼻烟壶、珐琅器逐渐进入文人视野，士人生活美学在外来刺激下呈现出新的面貌。晚清以降，西风东渐，传统士人阶层渐次解体，但生活美学的精神仍以新的形式在绅商、文人群体中延续。||士人生活美学之所以能在千年之间绵延不绝并臻于极致，是因为它恰好立于仕与隐、儒与道、物质与精神三重张力的平衡点上。中国古代士人始终在“兼济天下”与“独善其身”之间徘徊——得意时他们出仕为官，失意时便退居林泉，而生活美学恰恰为“退居”提供了安顿身心的完整方案。那些在政治上无法施展抱负的士人，便在书斋中经营一方小天地，以器物寄托志节、以园林安放灵魂——苏舜钦罢官后筑沧浪亭，以“清风明月本无价，近水远山皆有情”自解；文徵明十试不第，却在笔墨园林中构筑了一个比庙堂更永恒的审美世界。与此同时，儒家的人格修养传统与道禅的超脱精神在生活美学中达成了微妙的融合：儒家教导士人修身齐家，而品茗焚香、莳花弄草正是修身的具体法门；道家崇尚自然，禅宗讲求明心见性，而插一枝梅、赏一块石，便是与天地精神相往来的捷径。士人不必出世为僧道，亦不必终日埋首经义，只消在书斋中静对一炉香、一卷画，便是在烟火人间中修一段清静之心。此外，科举制度造就了一个庞大的士人阶层，他们拥有文化话语权却未必拥有雄厚财力，于是发展出一种“尚清”“尚雅”而非“尚贵”“尚奢”的审美趣味——不以材料的贵重取胜，而以格调的清逸见长，一块顽石因形似远山而可赏，一枝枯荷因风骨犹存而可画，这种化俗为雅的能力，正是士人生活美学最迷人的地方。而明中后期以降，商品经济与市民文化的兴起又为士人生活美学注入了新的活力——江南富商附庸风雅，书画家与工匠联手合作，文玩市场日渐繁荣，士人生活美学在与市场、时尚的互动中不断调适与扩展，虽时有“雅俗之辨”的焦虑，却也由此获得了更广泛的社会基础与更持久的生命力。||士人生活美学在于“以艺进道”——在日常器物与寻常雅事中呈现，体认天地的秩序与生命的真谛。它不是对生活的逃避，而是对生活的深化：一盏茶中有山水，一炉香中有天地，一轴画中有胸襟，一方砚中有文章。这种将形而上之道落实于形而下之器的智慧，使中国人不必离世索居便可修身养性，在红尘深处保有心灵的一方净土。在文明传播层面，中国士人生活美学深刻影响了东亚文化圈。日本室町至江户时代的茶道、花道、香道、庭园艺术，无不受宋明文人审美趣味的浸润；朝鲜时代的士林学者以“琴书自娱”为理想，两班阶层的书斋文化与生活方式亦与中国一脉相承。在当代，随着传统文化的复兴，品茗、焚香、插花、赏石、收藏文房等雅事重新进入都市人的生活，古老的士人生活美学仍在钢筋水泥的缝隙中，为现代人提供着一处诗意栖居的精神绿洲。,/images/glossary/scholar-aesthetics/his.png,,,,,,tang-zitanmuhuaxie-shi||song-jianyangheiyoutuhao-zhan||song-tixiqibing-tuanshan||song-mudanhualuobeixin-yi||song-zhanjiao-futou||song-jizhouyaoheiyoumuyewen-zhan||song-jingdezhenqingbaiyoukehuazhu-hu||song-ruyao-xi,"[宋] 苏轼. 东坡志林[M].||[宋] 赵希鹄. 洞天清录[M].||[明] 文震亨. 长物志[M]. 陈植, 校注. 南京: 江苏科学技术出版社, 1984.||[明] 高濂. 遵生八笺[M]. 北京: 人民卫生出版社, 1994.||[清] 李渔. 闲情偶寄[M].||王毅. 园林与中国文化[M]. 上海: 上海人民出版社, 1990.||扬之水. 终朝采蓝：古名物寻微[M]. 北京: 生活·读书·新知三联书店, 2008.",,,,,,,,,仇英 临宋人画册,,,,,,,,,文徵明《兰亭修禊图》
term,glossary,tea-culture,,,,,fusion||utility||harmony||refined-craft,茶文化,,,,,,,,/images/glossary/tea-culture/hero.png,,,,,,,,FALSE,,简介,茶文化，是围绕茶的种植、制作、品饮及精神涵养而形成的一整套文化体系，涵盖器物、礼仪、审美与哲学诸多层面。它既是一种日常生活方式，更是一种修身养性的精神途径。中国人以茶待客、以茶会友、以茶明志、以茶悟道，一盏清茶之中，凝结着数千年来对自然、人伦与心性的深层理解。茶文化不尚喧嚣，而在于“清”“静”“和”“雅”四字——清以涤尘，静以生慧，和以待人，雅以养心。从汉代的药饮羹汤，到唐代的煎茶法度，从宋代的点茶斗试，到明清的瀹泡清饮，茶文化一路演变，始终与士人精神、禅宗智慧、市井风情交织共生，成为中国人文传统中最温润隽永的一脉。||茶文化的物质载体，首推茶、水、器、境四者，而以茶器最具审美价值。唐代尚青，陆羽《茶经》力推越窑青瓷，谓其“类玉”“类冰”，能衬茶色之绿，一碗在手，如捧一泓碧泉。宋代尚黑，因点茶以白沫为佳，建窑黑釉盏便成为斗茶利器，兔毫、油滴、鹧鸪斑纹在茶汤映照下流光变幻，宋徽宗《大观茶论》亦盛赞建盏之色。明代以降，散茶瀹泡取代团茶点试，白瓷与紫砂相继登场——景德镇甜白釉盖碗素净如玉，不夺茶香，不掩汤色；宜兴紫砂壶则以其独特的双气孔结构涵养茶味，经年使用而温润有光，一壶一世界，成为文人案头最亲密的伴侣。至清代，盖碗之制臻于完善，景德镇粉彩、珐琅彩盖碗精描细绘，托、碗、盖三位一体，既实用又极具仪式感；紫砂壶则名家辈出，陈鸣远、杨彭年等匠师与文人合作，书画刻铭于壶身，一器之内，诗、书、印、陶诸艺相融，将茶器从日用之器升华为案头清玩。,/images/glossary/tea-culture/hero.png,历史发展,茶的利用可追溯至上古。《神农本草经》已有“神农尝百草，日遇七十二毒，得荼而解之”的记载，彼时茶是作为药物被发现的。汉代，巴蜀地区已有饮茶之风，王褒《僮约》中“烹荼尽具”“武阳买荼”的记录，是最早关于茶作为日常饮品的确凿文献，此时茶多被碾碎与葱、姜、橘皮等同煮，更近乎一种药膳羹汤。||汉代是茶从药用到饮用的关键转折期。西汉王褒《僮约》中“烹荼尽具”“武阳买荼”两条记述，是目前所知最早关于茶作为日常饮品的確凿文献。“烹荼尽具”说明彼时已有专门的烹茶器具，“武阳买荼”则透露出茶叶已进入市场流通——武阳（今四川彭山）是当时重要的茶叶集散地，巴蜀地区的饮茶之风由此可窥一斑。汉代茶饮方式尚质朴，多将茶叶碾碎后与葱、姜、橘皮、薄荷等一同烹煮，近乎一种药膳羹汤，其目的既在品味，亦在养生。长沙马王堆汉墓出土的随葬品清单中记有“槚笥”，即装茶的竹箱，表明茶已成为贵族日常生活中的必备之物。此外，汉代饮茶还与神仙方术有所牵连，道家以茶为轻身换骨的仙药，这一观念在后世茶文化中埋下了“茶可通神”的精神伏笔。从巴蜀民间的日常啜饮，到中原贵族的养生之品，汉代为茶从山野走向庙堂铺就了最初的道路。唐代是茶文化的奠基期。陆羽《茶经》的问世，第一次将茶的种植、采制、烹煮、品饮系统化为完整的知识体系，标志着茶从日常饮食升格为一门独立的学问与艺术。煎茶法盛行，茶饼炙烤、碾末、筛罗、煎煮，工序严谨而富于仪式感。与此同时，贡茶制度的确立推动了名茶产地的发展，湖州紫笋、常州阳羡等茶名已见于时人诗文。茶事渗透到社会各阶层，白居易“坐酌泠泠水，看煎瑟瑟尘”的闲适，卢仝《七碗茶歌》“一碗喉吻润，二碗破孤闷”的通透，皆反映出唐人已将饮茶视为通往精神自由的小径。宋代是茶文化的精雅化时期。点茶法取代煎茶法，将茶碾为极细粉末，以沸水注点、以茶筅击拂，茶汤表面浮起的白沫成为品评的关键——斗茶之风由此而起，上至帝王、下至市井，人人争较茶沫之细密持久。宋徽宗赵佶亲撰《大观茶论》，将点茶提升到近乎审美的宗教。茶百戏更以茶匙在沫上勾勒山水花鸟，饮茶化为转瞬即逝的艺术。径山寺等禅院则发展出庄严的茶宴礼仪，品茗论经，茶与禅在此深度交融。明代是茶文化转型的关键节点。明太祖朱元璋于洪武二十四年下诏“罢造龙团，惟采芽茶以进”，废除了延续数百年的团饼贡茶制度，散茶瀹泡法全面取代点茶。这一变革看似简化了程序，实则将品茶的重心从繁复的技法转移到对茶之本味的体察上，“清饮”之风由此确立，至今仍是中国人饮茶的主流方式。紫砂壶的勃兴、白瓷盖碗的普及、工夫茶的萌芽，皆在这一脉络中次第展开。清代茶文化在继承明代清饮传统的基础上，向更深广的社会层面渗透。康乾盛世中，茶馆遍布城乡，成为各阶层社交与消闲的公共空间。闽粤工夫茶将泡茶技艺推向极致，“关公巡城”“韩信点兵”等程式至今流传。茶叶更成为国际贸易的核心商品，中国茶风靡欧洲，深刻影响了世界饮食文化与近代历史进程。||茶文化之兴盛绵延，是多种力量温柔交织的结果。它的底色，来自文人士大夫的精神赋予——早在魏晋，茶便以清俭之性与名士的淡泊之风相契，到了唐代，陆羽以一部《茶经》将饮茶从日常琐事提升为人生修养，他的茶道理想浸润着儒家的秩序、道家的自然与禅宗的空灵，此后无论白居易的闲煎、苏轼的点试、文徵明的清瀹，文人们总是在茶烟缭绕中寻找精神的安顿，品茶即是品味人生。而茶与禅的相遇，则为茶文化注入了最深邃的灵魂——唐代禅寺中，茶是坐禅时驱除睡魔的良药，也是师徒问答间传递机锋的媒介，赵州和尚一句“吃茶去”，将高深的禅理化入最平常的一盏茶汤；宋代径山寺茶宴更以庄严的仪式将品茗升华为修心的法门，这一传统随日本求法僧东渡，最终催生了日本茶道“和敬清寂”的精神内核。当然，帝王与宫廷的推崇始终是茶风盛行的强劲推力——唐设贡茶院于顾渚，宋徽宗以帝王之尊亲撰茶论，明太祖一纸诏书“罢造龙团”便彻底改写了千年饮茶方式，清代乾隆帝“不可一日无茶”并留下了大量茶诗与茶室。自上而下的风尚，与自下而上的市井活力相向而行：宋代茶肆遍布汴京临安，明清茶馆成为城市公共生活的舞台，说书、曲艺、商事、闲谈都在茶香中展开；而茶叶贸易——从唐宋的茶马互市到清代的广州十三行——则将茶的影响力推向世界，一部中国茶史，半部是经济与文化交流的史诗。||茶文化的精神内核，在于“和”——人与自然的和谐，人与人的和睦，身与心的和畅。一盏茶的工夫，是慢下来、静下来的片刻，在沸腾与沉淀之间，品味生命的回甘。茶道无他，煮水、瀹茶、奉茶、饮茶而已，但在这一系列平实的动作中，蕴含着对时序的敬畏、对他者的尊重、对当下的专注。中国茶文化深刻影响了整个东亚文明：唐代，日本最澄、空海等遣唐僧将茶种与饮茶法带回东瀛，宋代荣西禅师著《吃茶养生记》将茶推广至日本民间，径山寺茶宴的礼仪更成为日本茶道仪轨的直接源头；朝鲜半岛自新罗时期引入茶种，高丽时代的茗战、朝鲜时代的茶礼皆与中国一脉相承。明清以降，随着海上贸易的拓展，中国茶传入欧洲，催生了英国的下午茶传统，茶由此成为全球性的饮品与文化现象。今天，中国茶的传统制茶技艺及相关习俗已列入联合国教科文组织人类非物质文化遗产代表作名录，一杯茶汤中倒映的，依然是数千年来中国人对待生活的那份从容与温润。,/images/glossary/tea-culture/his.png,,,,,,tang-liujinkuibanyin-chatuo||tang-liujihongyanwenyincha-caozi||song-jianyangheiyoutuhao-zhan||song-jizhouyaoheiyoumuyewen-zhan||qing-yixingzishatiliang-hu,"[唐] 陆羽. 茶经[M].||[宋] 赵佶. 大观茶论[M].||[宋] 蔡襄. 茶录[M].||[明] 许次纾. 茶疏[M].||[明] 文震亨. 长物志[M]. 陈植, 校注. 南京: 江苏科学技术出版社, 1984.||王玲. 中国茶文化[M]. 北京: 中国书店, 1992.||关剑平. 茶与中国文化[M]. 北京: 人民出版社, 2001.",,,,,,,,,宋刘松年斗茶图,,,,,,,,,宋徽宗赵佶《文会图》局部
term,glossary,fan-culture,,,,,utility||harmony||refined-craft,扇文化,,,,,,,,/images/glossary/fan-culture/hero.png,,,,,,,,FALSE,,简介,扇，古称“箑”或“翣”，最初为引风纳凉、遮尘蔽日之实用器物。然自汉代以降，扇逐渐超越单纯的纳凉功能，演化为承载礼仪、身份、艺术与情感的文化符号，形成蔚为大观的“扇文化”。扇文化以扇为媒，集书画、雕刻、织绣、诗词于一体，既是日常雅物，亦是文人寄情明志的“怀袖雅玩”。持扇者或以扇面书画展露才情，或以扇骨材质彰显品味，或以赠扇团扇传递情谊，一柄小扇，实为身份、修养与心境的无声自白。汉之仪仗威仪、唐之华美开合、宋之书画寄情、明之清雅风尚、清之繁缛精工，各朝各代皆以扇为纸、以扇为礼、以扇为媒，将时代审美凝结于方寸之间。||扇之形制，大别为两类：一为团扇，一为折扇。团扇以竹木为框、绫绢为面，形如满月，汉唐两宋多尚此制。汉代长柄大扇以雉羽为面，立于帝王身后，是威仪的象征；唐代纨扇则以绢素为本，花鸟入画，执于仕女指间，便是一阕宫怨的诗眼。入宋，团扇书画臻于极致，宋徽宗于方寸绢面上经营花鸟，马远、夏圭以半边一角纳万里江山，团扇至此成为文人寄兴的独特画幅。折扇虽约在北宋已由高丽传入中土，苏轼亦有“展之广尺余”之语，然终宋之世未成主流，直至明永乐年间明成祖喜其“卷舒之便”，命内府仿制并赐群臣，折扇始风行天下。明代折扇取材极广，紫檀、黄花梨、象牙、玳瑁、湘妃竹各极其妙，一柄素扇展开，便是文徵明、唐寅们挥洒笔墨的天地。至清代，扇骨雕镂镶嵌、扇面粉彩描金，象牙织扇薄如蝉翼，一扇之成往往集雕漆、镶嵌、刺绣诸艺于一身，将“错彩镂金”的审美追求凝于掌中方寸。,/images/glossary/fan-culture/hero.png,历史发展,扇之起源可追溯至上古。目前所见最早的扇形象，出自成都百花潭出土的战国金银错铜壶，其上有仆从持长柄扇侍立的图像。彼时长柄扇主要用于仪仗，“以障日”“以翳尘”，是身份等级的标识，尚非随身把玩之物。||汉代，扇的形制渐趋丰富。《西京杂记》载赵飞燕所持“云母扇”“孔雀扇”，《后汉书·礼仪志》记载宫廷仪仗用扇制度，扇由单纯仪仗器开始向宫廷生活渗透。此时扇仍以长柄为主，兼有短柄团扇雏形。魏晋南北朝时期，麈尾扇与羽扇在名士清谈中盛行，扇开始具有人格象征意味。《世说新语》载王导“以麈尾指坐”，麈尾成为名士风度的标志。此时团扇亦渐普及，传顾恺之《女史箴图》中即有侍女持团扇之形象。唐代纨扇大盛，扇面花鸟、山水、人物各极其妙，成为宫廷与贵族女性的重要随身之物。传周昉《挥扇仕女图》描绘唐代贵族女子持扇场景，扇与仕女、宫怨主题紧密关联。同时，团扇也用于外交与赏赐，长安与西域之间扇作为贵重礼物频繁往来。宋代，团扇与书画结合达到前所未有的高度。扇面成为独立的书画品类，宋徽宗、苏轼、马远、夏圭等皆有多幅团扇作品传世。与此同时，折扇大约在北宋由日本、朝鲜传入中土。郭若虚《图画见闻志》记载高丽使者进贡折扇一事，苏轼亦有“高丽白松扇，展之广尺余”之语。但终宋之世，折扇尚未普及，团扇仍居主流。明代是扇文化的关键转折期。永乐年间，明成祖大力推广折扇，亲命内府仿制并赐予大臣，折扇自此风靡朝野。明中后期，苏州、杭州、金陵等地成为制扇中心，名家辈出。沈周、文徵明、唐寅、仇英“明四家”及董其昌等皆以扇面书画闻名。折扇与文人身份深度绑定，所谓“怀袖雅物”，成为士人风度的标配。清代继承明代的折扇传统，工艺上精益求精。广州、苏州、北京成为三大制扇中心，宫廷造办处专设牙雕、漆器、镶嵌等作坊制作御用扇。象牙织扇、檀香扇、羽毛扇等新品种层出不穷，工艺攀向巅峰。与此同时，团扇在清代中晚期复兴，以刺绣、缂丝为面的团扇成为闺阁女性的重要雅物，并融入婚嫁、赠礼等民俗。||扇文化之所以能从一柄纳凉之物蔚然成风，成为延续千年的文化符号，背后是多重力量的温柔托举。追根溯源，魏晋名士手中的麈尾早已不是简单的扇风器具，而是风骨与智慧的延伸，王导以麈尾指座论道，扇便有了人格的分量。进入文人意识高度自觉的宋代，扇面成为与卷轴、册页平起平坐的书画载体，画家们在不足盈尺的圆弧之上经营位置、寄托胸臆，宋徽宗以帝王之笔画花鸟于团扇，马远、夏圭以一角半边写万里江山，扇面不再是工艺装饰，而成为性灵栖居的方寸天地。明代以降，折扇更是深度嵌入士人的日常生活与社交礼仪，文徵明、唐寅、董其昌们以扇面为媒，或酬唱赠答，或挥洒自娱，一柄素扇展于案前，便是一场无声的雅集。与此同时，宫廷的推崇始终是扇风盛行的强劲推手——汉代以长柄扇为仪仗威容，明成祖一道“命内府仿制”的旨意便让折扇风行朝野，清宫造办处专设作坊精制御扇，皇室的审美趣味自上而下地浸润了整个时代。而江南手工业重镇的商业繁荣，则为扇文化的兴盛提供了丰沃土壤：苏州、杭州、广州等地扇铺林立，名家辈出，一扇之成，往往集竹刻、漆雕、镶嵌、织绣数十道工序，凝聚着无名匠人的毕生功力。更不必说扇在社交馈赠中的独特角色——“扇”与“善”同音，友人赠扇以示友善，端阳互送扇子成为节俗，清人官场甚至有“送扇”之风，一柄小小的扇子，就这样在人情往还之间，承载了千般心意、万种温情。从魏晋名士的风流自赏，到宋代文人的笔墨寄兴，从明代君臣的雅意倡导，到清代市井的繁盛流通，扇文化正是在这自上而下与自下而上的双向奔赴中，成就了它绵延不绝的生命力。||扇文化的精神内核，在于“以小见大”——方寸之间，纳万里江山、千古文章、无限情思。它是东方含蓄表达的绝佳载体：团扇上的花鸟可寄闺怨，折扇上的山水可寓襟怀，一柄素扇题字钤印，便是人格与修养的无言宣言。扇之开合，亦可隐喻“出入进退”的人生哲学。||在文明传播层面，中国扇对东亚文化产生了深远影响。日本遣唐使将团扇带回本国，发展出桧扇、蝙蝠扇等独特形制；北宋折扇经高丽、日本传入中国后，至明清又经海上贸易传入欧洲，在十七至十九世纪的欧洲宫廷掀起“中国扇热”，成为东方主义的经典符号。如今，苏州檀香扇、杭州王星记扇、荣昌折扇等皆为国家级非物质文化遗产，古老的扇文化仍在当代生活中延续，一扇在握，依然是中国人风雅生活的日常注脚。,/images/glossary/fan-culture/his.png,,,,,,song-tixiqibing-tuanshan||qing-xiangyasibianzhihua-wanshan,"[宋] 郭若虚. 图画见闻志[M].||[明] 文震亨. 长物志[M]. 陈植, 校注. 南京: 江苏科学技术出版社, 1984.||[清] 阮元. 石渠随笔[M].||沈从文. 中国古代服饰研究[M]. 北京: 商务印书馆, 2011.||田自秉. 中国工艺美术史[M]. 上海: 东方出版中心, 2010.||故宫博物院, 编. 故宫博物院藏明清扇面书画集[M]. 北京: 文物出版社.",,,,,,,,,宋徽宗趙佶《聽琴圖》局部,,,,,,,,,周昉 挥扇仕女图
term,glossary,incense-culture,,,,,ritual-order||harmony||fusion||refined-craft||vessel-and-meaning,香文化,,,,,,,,/images/glossary/incense-culture/hero.png,,,,,,,,FALSE,,简介,香文化，是围绕香料的使用与品鉴而形成的一整套文化体系，涵盖焚香、熏香、佩香、品香等诸多层面，集嗅觉审美、养生实践与精神修养于一体。中国人用香的历史绵延数千年，从上古祭祀中升腾的燔燎青烟，到汉唐宫廷中氤氲的异域奇香，从宋明文人的炉瓶三事，到清代闺阁的玲珑香囊，一缕香魂始终萦绕在礼仪、宗教、医药与日常生活的交会之处。香文化的精髓在于“清”“静”“远”“幽”四字——清以涤秽，静以安神，远以通神，幽以寄情。不同于视觉艺术的直接呈现，香气是无形无迹的，它不诉诸眼目，而直抵心魂，在若有若无之间唤起记忆、营造氛围、安顿性灵。这种不可见的美学，恰恰是东方文化含蓄内敛精神的绝佳注脚。||提到香文化，离不开香品与香器二者。香品有香草、香木、树脂、合香诸类，沉香、檀香、龙脑、麝香为历代珍尚；香器则以香炉为核心，辅以香盒、香匙、香箸、香插、香囊等，构成一套精雅的用香器具体系。汉代香炉以博山炉最为经典，炉盖铸作层峦叠嶂、仙人瑞兽之形，焚香时烟从山间孔窍袅袅逸出，宛如海上仙山云雾缭绕，将焚香之事从嗅觉享受升华为仙境的视觉想象。唐代香器趋于华美，金银香炉、香囊大量出现，法门寺地宫出土的鎏金银香囊以精巧的持平装置令内胆始终向上，无论怎样翻转香料都不会洒落，其设计之妙至今令人叹服。宋代香器则以素雅为上，景德镇青白瓷香炉釉色如玉，官窑、哥窑开片小炉温润内敛，文人书斋中的“炉瓶三事”——香炉、香盒、箸瓶，陈设简洁而意趣深远，品香与赏器合而为一。明代宣德炉将铜炉艺术推向巅峰，以风磨铜精炼而成，皮色内融，宝光含蓄，一炉在手，沉甸甸的不仅是铜的分量，更是审美的重量。清代香器承明之余绪而更趋工巧，珐琅彩、画珐琅香炉满饰繁花，造办处所制铜胎掐丝珐琅熏炉则满工满彩，富丽堂皇；至于随身佩带的香囊，或以金银錾花，或以丝线编结，内盛沉香、白芷、丁香等药香，系于腰间，香随人移，将香文化从庙堂书斋带入了最私密的身体空间。,/images/glossary/incense-culture/hero.png,历史发展,中国用香之俗，可追溯至上古时期的燔燎祭祀。先民焚烧带有香气的草木，以烟气上达于天，沟通神明。《诗经》中“卬盛于豆，于豆于登，其香始升，上帝居歆”的描述，便是周人以馨香之食祭享先祖的写照。此时的“香”是宗教性的、仪式性的，是人与天对话的媒介。||汉代是香文化发展的重要转折期。张骞通西域后，丝绸之路上的香料贸易日益频繁，沉香、檀香、龙脑、苏合香等域外香料源源不断输入中土，极大地丰富了香料的种类与用香的方式。汉代贵族不仅以香料熏衣、熏室、熏被，更将焚香视为日常生活的重要组成部分。博山炉的发明与盛行，便是汉代香文化繁荣最具标志性的器物见证——炉盖铸刻蓬莱仙山，烟气从山峦间升腾而出，焚香之事由此被赋予了通往仙境的想象维度。长沙马王堆汉墓出土的香囊、香枕、香药，更是以实物印证了汉代贵族生活中用香之广泛与讲究。与此同时，汉代医家已将香药纳入方剂，《神农本草经》对麝香、菖蒲等香药的性味功效有详细论述，以香养生、以香疗疾的理念由此发端。唐代是香文化的全面繁盛期，国力强盛、海陆交通大开，大量的域外香料经广州、泉州、扬州等港口涌入，香料的品种与数量远超此前任何时代。唐代宫廷用香之奢华堪称空前——杨国忠以沉香为阁、檀香为栏，唐玄宗以龙脑香铺地迎贵妃，这些虽为史家所诟病，却也如实反映了彼时香料之丰与用香之盛。法门寺地宫出土的鎏金银香囊、香炉，做工精绝，将唐代金银器“富丽堂皇”的审美品格体现得淋漓尽致。熏衣、佩香、含香、涂香、浴香，香事渗透到唐人生活的方方面面。与此同时，鉴真东渡将香料与合香技术传入日本，开启了中国香文化对外传播的先声。宋代是香文化的精雅化与文人化时期。不同于唐人的豪奢铺张，宋人用香追求的是“清远”与“韵外之致”。焚香成为宋人“四般闲事”之一，与品茗、插花、挂画并列，是文人日常修养的必修课。宋人偏爱以隔火熏香之法品香——不直接点燃香品，而是以炭火隔灰烘烤，取其幽微绵长的香气而不见烟火之气，这种含而不露的用香方式与宋人含蓄内敛的审美趣味高度吻合。丁谓《天香传》、洪刍《香谱》、陈敬《陈氏香谱》等香学著作相继问世，合香之法被系统总结，文人甚至亲自参与调香，苏轼、黄庭坚皆以善和香而闻名。黄庭坚所创“返魂梅”香方流传至今，一缕幽香穿越千年，依然令人神往。明代香文化在继承宋人清雅传统的同时，向更广泛的市民阶层渗透。宣德炉的问世是明代香文化最耀眼的标志——明宣宗命以暹罗进贡的风磨铜精铸铜炉，其色内融、其光含蓄，成为后世藏家梦寐以求的珍品，也带动了民间铜炉铸造的繁荣。明人用香讲求“清雅不俗”，文震亨《长物志》对香炉、香品的选择与搭配有详尽的审美规定，一炉一瓶一盒的置放皆有法度。与此同时，线香在明代中后期开始普及，这种更为便捷的焚香方式使香事从精英阶层进一步走向寻常百姓。清代宫廷用香继承明代制度而更趋繁缛，造办处所制珐琅香炉、玉雕香筒、雕漆香盒，材质名贵、工艺精巧，在乾隆朝达到奢华之极致。民间则以线香为主要用香形式，香铺、香市遍布城乡，香成为节庆祭祀、婚丧嫁娶的必备之物。各式香囊在清代臻于极盛，金银、刺绣、缂丝、串珠诸般工艺集于方寸之间，既有药香以驱疫避秽，又以精工见审美之趣，成为上至宫廷下至闾巷的共同风尚。||香文化之所以能从一缕青烟升华为绵延数千年的文化传统，是信仰、风雅、药养与商贸四重力量共同托举的结果。它的起点在上古的祭祀——先民焚烧香草，借烟气上达于天，香是人神之间的信使，这份对天地神明的虔敬贯穿了中国香文化的始终，直到清代宫廷的祭天、祀孔、拜佛，香烟依然是最庄严的仪轨。而当佛教在汉代传入、道教在汉末兴起，香便有了双重的精神归宿：佛寺以香供佛、以香清心，香烟缭绕处是梵呗经声；道观以香通神、以香合药，丹炉升腾的是对长生久视的渴望。与此同时，文人士大夫的精神赋予，是香文化走向精雅的内在推力——唐人熏衣以示身份的尊贵，宋人焚香以澄怀观道，明人品香以寄寓清操，香炉前的每一次呼吸，都是与自我心灵的对话，黄庭坚以“香十德”总结香的精神品格，丁谓以“清、甘、温、烈、媚”五字品评沉香，文人们不断将嗅觉经验提炼为审美范畴，让香从物质的存在升华为精神的象征。而香药同源的传统，则为香文化注入了最日常也最坚韧的生命力——自《神农本草经》始，医家便以香药入方、以香囊避疫，寻常百姓未必懂得香道的深奥，却知道端午佩香囊以驱五毒，以艾草熏室以避时疫，这一朴素的养生信仰让香文化在最广大的民间扎根。当然，这一切的繁荣都离不开丝路上驼铃声声与海上帆影点点——汉代张骞凿空西域，唐代海舶云集广州，宋代市舶司岁入香料关税，明代郑和宝船载回苏木与胡椒，源源不断的域外香料不仅丰富了中国人的嗅觉世界，也让合香之法、香器之艺在充足的原料基础上不断精进。从庙堂到书斋，从医家到市井，从西域到东海，香文化正是在信仰的庄严、文人的风雅、医家的关怀与商旅的流动中，织就了一幅无形而有味的文化长卷。||香文化的精髓在于“以香养心”。香是无形的，它不可见、不可触，却能在若有若无之间改变一个人的心境——焚一炉沉香，浮躁渐息；佩一只香囊，心安神定。这种以嗅觉为通道的内向修养，与东方哲学中“静观”“内省”的传统深度相契。品香如品人，真正的好香不张扬、不刺激，其香幽远而持久，这正是君子之德的隐喻。在文明传播层面，中国香文化深刻影响了整个东亚。唐代鉴真东渡将合香技术与香药带入日本，日本香道在此基础上发展出“闻香”的独特仪轨，以香会友、以香悟道，至今仍是日本传统文化的重要组成部分。朝鲜半岛自统一新罗时期引入中国香方，高丽时代的宫廷用香、朝鲜时代的士人焚香皆与中国一脉相承。当代，随着传统文化的复兴，香事重新回到中国人的日常生活中，书房一炉、茶席一炷，古老的香文化仍在青烟袅袅中续写着它悠远的故事。,/images/glossary/incense-culture/his.png,,,,,,han-cuojinyinboshan-lu||tang-putaohuaniaowenyin-xiangnang||tang-liujihongyanwenyincha-caozi||ming-tongchongerruzu-lu,"[宋] 丁谓. 天香传[M].||[宋] 洪刍. 香谱[M].||[宋] 陈敬. 陈氏香谱[M].||[明] 周嘉胄. 香乘[M].||[明] 文震亨. 长物志[M]. 陈植, 校注. 南京: 江苏科学技术出版社, 1984.||扬之水. 香识[M]. 北京: 生活·读书·新知三联书店, 2011.||贾天明. 中国香学[M]. 北京: 中华书局, 2014.",,,,,,,,,赵佶《听琴图》轴,,,,,,,,,丁谓《天香传》
term,glossary,afterlife-belief,,,,,ritual-order||harmony||vessel-and-meaning||fusion,事死如事生,,,,,,,,/images/glossary/afterlife-belief/hero.png,,,,,,,,FALSE,,简介,“事死如事生”，是中国古代丧葬文化的核心理念，意指对待逝者应如同对待生者一般恭敬、周全。它不仅是丧葬礼仪的操作原则，更是一套深植于中国人精神世界的生命哲学——死亡并非存在的终结，而是生命以另一种形态在另一个世界的延续。在这一观念支配下，墓葬被营造成地下宅第，随葬品囊括衣食住行的方方面面，从饮食器皿到车马奴仆，从琴棋书画到金银珠宝，凡生人所享，死者皆应有之。上起帝王陵寝，下至百姓坟茔，“事死如事生”贯穿了中国数千年的丧葬实践，成为理解中国人宇宙观、伦理观与审美观的一把钥匙。||该理念主要体现在那些为逝者精心准备的墓室与随葬之物上。墓室结构本身便是地上居所的模仿——从汉代砖石墓的多室布局到明清陵寝的前朝后寝，地下宫室与地上建筑一一对应。随葬品则包罗万象：饮食器有鼎、簋、壶、盘，汉代墓葬中常见仓、灶、井、磨等明器，将人间厨房完整搬入地下；衣物有丝帛锦绢，长沙马王堆汉墓出土的素纱禅衣薄如蝉翼，是墓主人生前奢华的直接延续；汉代漆器以朱黑二色绘云气神兽，唐代三彩以斑斓釉色塑駱駝骏马，宋瓷以素净釉色寄清雅之趣，明清瓷器则以青花、粉彩铺陈吉祥纹样。此外，还有车马、乐器、文房、药品、食物，乃至陶俑木俑以代仆从，画像石画像砖以记事娱情。一座墓葬，便是一个缩微的人间世界，每一个细节都在践行着“事死如事生”的古老信念。,/images/glossary/afterlife-belief/hero.png,历史发展,“事死如事生”的观念，可追溯至新石器时代。仰韶文化的瓮棺葬中已出现随葬陶罐与石器，先民相信逝者在另一世界仍需日用之物。殷商时期，商王陵墓中大量的人殉、牲殉与青铜礼器，将这一观念推向血腥而庄严的极致，妇好墓出土的四百余件青铜器、七百余件玉器，构成了一位王后地下生活的完整配置。西周以礼制规范丧葬，《周礼》《仪礼》对墓葬规格、随葬品类有严格规定，事死之道从巫术性的灵魂信仰走向制度化的礼仪实践。||汉代是“事死如事生”的经典时期。汉武帝茂陵营建五十二年，陵内“金银财物不可胜计”。马王堆一号汉墓中，墓主辛追的四层棺椁层层套合，帛画覆盖于内棺之上，绘天上、人间、地下三重世界；随葬品从饮食、衣物、乐器到梳妆奁盒、导引图，日常所需无所不备。这种厚葬之风，正是汉代人事鬼敬神、天人感应的深沉信仰最直观的表征。||唐代国力强盛，丧葬之制更趋完备。皇室陵墓“因山为陵”，乾陵以梁山为体，气势磅礴；陪葬墓中的唐三彩、金银器、壁画琳琅满目，永泰公主墓壁画绘宫女仪仗，气象雍容。宋代以后，纸明器逐渐取代大量实物随葬，以纸扎房屋、车马、仆从焚烧送葬，既延续了事死如生的精神，又避免了厚葬带来的经济负担，是观念与现实之间的灵活调适。明清两代，帝陵建筑臻于极致，明十三陵、清东西陵将“事死如事生”的礼仪与建筑艺术推向最后的辉煌；民间丧葬则以繁复的仪式、丰盛的供品、琳琅的纸扎延续着这一古老传统，至今仍可于乡土中国觅其遗踪。||该文化思想之所以能成为贯穿中国数千年丧葬实践的核心观念，是祖先崇拜、儒家孝道、等级制度与来世信仰多重力量交织的结果。它的根，扎在远古先民对灵魂不灭的朴素信念之中——既然死亡只是灵魂脱离肉体走向另一个世界，那么逝者自然需要与生前同样的衣食居所。这一灵魂观念在殷商祖先崇拜中与宗族伦理深度绑定，祭祀先祖不仅是祈福禳灾的宗教行为，更是维系宗族凝聚力的社会行为，墓葬的丰厚与否直接关乎家族的体面与祖先的护佑。儒家兴起后，孝道被提升为最核心的道德范畴，曾子“慎终追远，民德归厚矣”一语，将丧葬的隆重与否与社会道德秩序的维系紧密联结，厚葬由此获得了伦理上的绝对正当性——葬亲从厚是孝的极致表达，而薄葬则是不孝的标签。与此同时，礼制将丧葬纳入严格的等级框架，从棺椁层数、随葬鼎簋数量到陵墓规模，处处体现着“礼不下庶人”的等级秩序。而佛道二教的兴起，为来世信仰增添了新的维度——佛教的地狱与轮回、道教的神仙与洞天，使死后世界在儒家庄严肃穆的祖先祭祀之外，增添了更多想象的空间与超度的可能。从帝王以山为陵的雄阔气魄，到百姓以纸为马的精打细算，“事死如事生”始终在礼教、信仰与现实的交织中，寻找着最恰切的表达方式。||这种以生者的温情抵抗死亡的虚无的精神，将死亡从彻底的终结转化为另一种形式的延续，使生者与逝者之间那条看似不可逾越的鸿沟，被具体而微的器物与仪式温柔地填平。这一观念深刻塑造了中国人的生死观——不追求彼岸的解脱，而在乎此岸与彼岸的联结；不否定现世的享乐，而让这些享乐以另一种形式伴随逝者永存。在文明传播层面，这一观念深刻影响了东亚文化圈的丧葬传统。日本古坟时代的巨大陵墓、朝鲜三国时期壁画墓的丰富图像、越南丁朝至陈朝的帝王陵寝制度，无不折射出中国“事死如事生”理念的深远辐射。今天，考古发掘中重见天日的每一座墓葬，都是古人以器物与仪式书写的生命答卷，它们沉默地诉说着一个古老而永恒的信念：死亡不是终结，遗忘才是。,/images/glossary/afterlife-belief/his.png,,,,,,han-cuojinyinboshan-lu||han-ruishoubojuwenliujintong-jing||han-mawangduihanmutxingbo-hua||han-yizisunchukuo-yubi||han-riyuesishenwencuojinqingtong-danglu||tang-tangsancaizaiyueluotuo-yong||ming-qingyumingtaizuyi-ce,"巫鸿. 黄泉下的美术：宏观中国古代墓葬[M]. 施杰, 译. 北京: 生活·读书·新知三联书店, 2010.||余英时. 东汉生死观[M]. 侯旭东, 译. 上海: 上海古籍出版社, 2005.||信立祥. 汉代画像石综合研究[M]. 北京: 文物出版社, 2000.||湖南省博物馆, 中国科学院考古研究所, 编. 长沙马王堆一号汉墓[M]. 北京: 文物出版社, 1973.||杨宽. 中国古代陵寝制度史研究[M]. 上海: 上海人民出版社, 2003.",,,,,,,,,武梁祠画像石,,,,,,,,,九原岗壁画墓门楼图
term,glossary,dress-culture,,,,,utility||vessel-and-meaning||refined-craft,衣纹万象,,,,,,,,/images/glossary/dress-culture/hero.png,,,,,,,,FALSE,,简介,自古中国起，人们就以服饰与器物上的纹样为载体，建立起承载天地人事、社会秩序与吉祥祈愿的一整套视觉文化体系。纹样远非单纯的装饰，它是穿在身上的礼法、绘于器上的愿望、刻于建筑上的宇宙。“图必有意，意必吉祥”，一朵莲花是清廉，一对蝙蝠是福来，五只蝙蝠围寿字是“五福捧寿”，海水江崖是江山永固。与此同时，纹样也是森严等级的无声律令——龙纹唯天子可御，命妇以补子别品级，庶民不得以金线织锦。从帝王衮服的十二章纹到百姓肚兜的长命缕，从青铜礼器的饕餮狞厉到粉彩瓷瓶的百子嬉戏，纹样以最直观的视觉语言讲述着中国人的秩序想象与生命祝愿，构成了一个万象纷呈、寓意深沉的符号宇宙。||纹样遍及古人生活的方方面面，而以服饰与器物为两大宗。服饰之上，纹样以织、绣、印、染诸法施于绫罗绸缎，帝后礼服与百官补服更是纹样等级制度的集中呈现。器物之上，青铜、陶瓷、漆木、金银、玉石无一不是纹样的舞台。汉代织锦上的云气纹流转飞扬，漆器以朱黑二色绘瑞兽与羽人，博山炉上仙山层叠、神兽出没，将升仙之想凝于方寸。唐代联珠纹、宝相花纹、卷草纹沿丝绸之路而来，与本土纹样交汇融铸，金银器上的缠枝葡萄、铜镜上的海兽葡萄，莫不洋溢着开放的盛世气息。宋代纹样趋于清雅写实，缂丝以通经断纬之法摹写花鸟如生，定窑白瓷以刻花、印花饰以莲塘水禽，含蓄而隽永。明代缠枝莲、折枝花在青花瓷上舒卷自如，补子制度臻于完备，文官绣禽、武官绣兽，衣上一方图案便是身份的直接告白。清代纹样则推向繁缛之极，锦缎上层层铺陈祥云、蝙蝠、如意、牡丹，“图必有意、意必吉祥”的理念贯彻到每一寸锦绣之中。从衣裳到器皿，从木雕到砖石，纹样如同一张铺天盖地的网，将天地万物、人伦秩序与吉祥祝福编织为一个庞大的象征体系。,/images/glossary/dress-culture/hero.png,历史发展,纹样的历史比文字更古老。新石器时代的彩陶上已出现人面鱼纹、舞蹈纹、几何回纹，先民以最朴拙的笔触在陶坯上留下对天地万物的最初观察与想象——这些沉默的图案，也许正是文明黎明时分最早的语言之一。商周时期，青铜礼器上的纹样臻于狞厉雄奇。饕餮纹双目圆睁、巨口大张，夔龙纹屈曲盘绕、神秘威重，这些并非悦目赏心的装饰，而是沟通人神、震慑鬼魅的符号，是巫觋文化在青铜上的庄严烙印。《吕氏春秋》所言“周鼎著饕餮，有首无身”，道出了其诡秘莫测的精神气质。汉代纹样在楚风浪漫与儒家理性的双重滋养下，呈现出流动飞扬的独特风貌。马王堆帛画上的云气纹舒卷如潮，漆器上的凤鸟纹翔舞欲出，画像石上的车马出行浩浩荡荡。纹样从商周的狞厉威压转向一种对宇宙生命的礼赞，那种升腾不息的动势，正是大一统帝国昂扬气魄的视觉回声。魏晋至隋唐，佛教东传为纹样世界注入了全新的语汇。莲花纹、忍冬纹、飞天纹样随经卷与商队传入，与中国本土的云气纹、龙纹、凤纹相互渗透。唐代纹样以丰腴饱满、铺张扬厉为美，宝相花纹层层绽放如佛国庄严，卷草纹蜿蜒无尽似生命律动，联珠纹将异域风情与中原气度绾结为一。纹样至此，真正做到了海纳百川而自有主宰。宋代纹样发生了深刻的审美转向——从唐代的浓艳外扬转向清雅内敛。写生花鸟成为主流，折枝花、缠枝莲以自然之态入画入织，不尚满密而求疏朗有致。缂丝名家朱克柔以丝线为笔墨摹写花鸟草虫，其精微处不让丹青。与此同时，文人画的兴起使梅兰竹菊等“四君子”题材进入纹样体系，纹样开始承载人格隐喻。明清两代，纹样走向制度化与系统化的高峰。明代官服补子制度以禽鸟猛兽别品级，龙纹的使用被严格限定，民间不得僭越。吉祥纹样体系至此完备——蝠谐音“福”，鱼谐音“余”，鹿谐音“禄”，瓶谐音“平安”，石榴多子、桃寓长寿、牡丹主富贵，各类吉祥符号以组合、谐音、象征等多种方式编织出一套完整的祝福语言。清代更将这一传统推向极致，纹饰层叠密布，满工满彩，乾隆朝瓷器上的百鹿、百子、百花不落地纹样，将“繁缛富丽”的审美追求贯彻到底。||纹样之所以能从器物表面一缕朴拙的刻痕，演化为万象纷呈的符号宇宙，是因为它恰好站在权力、信仰、审美与生计四重经纬的交会点上。礼制的需要，是纹样秩序最坚固的骨架——自《尚书》载舜制十二章纹于衮服，日、月、星辰、山、龙、华虫、宗彝、藻、火、粉米、黼、黻，十二章各有所指，天子之衣便是穿在身上的宇宙图式，此后三千余年，龙为君象、凤为后德、补子别品、金绣限贵，纹样始终是礼法最直观的视觉执行者。与此同时，民间信仰则是纹样生命最丰沛的源泉——百姓未必读过圣贤书，却懂得在孩儿肚兜上绣五毒以避邪，在新娘嫁衣上绣石榴以祈子，在年节窗花上剪鲤鱼以盼富足，这些朴素而执着的吉祥愿望，让纹样从庙堂的高文典册走入万家灯火，成为中国人表情达意最温情的视觉方言。而文人审美的介入，为纹样注入了超越功利的精神品格——当苏轼以朱竹入画、当文同以墨竹寄节，当松竹梅被合称“岁寒三友”而遍及陶瓷、织绣与木雕，纹样便不再只是权力与财富的标签，而成为人格理想与生命境界的象征。当然，这一切的实现离不开织工、陶匠、雕师、漆工世世代代的口传手授——云锦织机上的挽花口诀、景德镇画工笔下的分水技法、苏绣针下的劈丝细线，每一种纹样的诞生都是技术体系与文化传统在匠人指尖的凝聚。从帝王衣裳到百姓窗花，从青铜饕餮到青花缠枝，纹样正是在礼制的庄严、信仰的温热、文人的清趣与匠人的巧思之间，织出了一幅贯通上下、融汇雅俗的文化长卷。||纹样的精神内核在于“以象尽意”——以有限的视觉形象，传达无限的意蕴与祝福。它是最中国式的表达方式：不直言其事，而借一朵莲花说清廉，借一树梅花说风骨，借一尾鲤鱼说富足，借一对鸳鸯说恩爱。这种含蓄而热烈的象征思维，深植于汉字的造字逻辑与《诗经》的比兴传统之中，是中国人“立象以尽意”哲学智慧在日常生活中的生动实践。在文明传播层面，中国纹样沿着丝绸之路与海上贸易之路深远地影响了世界。日本和服上的唐草纹、朝鲜瓷器上的云鹤纹、东南亚蜡染中的凤凰图案，无不折射出中国纹样体系的辐射力。十八世纪欧洲的“中国风”热潮中，青花瓷上的山水亭台、壁纸上花鸟藤蔓成为洛可可装饰语汇的重要元素，中国纹样以它独特的魅力参与了全球装饰艺术的交流与融合。今日，当设计师从古老的云锦图案中提取灵感，当年轻人身着汉服以传统纹样为时尚，万象之纹依然在续写着它未曾中断的故事——那是一个民族以视觉的方式，写给时间的情书。,/images/glossary/dress-culture/his.png,,,,,,song-mudanhualuobeixin-yi||song-zhanjiao-futou||ming-diancuiqianzhushijinlongfeng-guan,"沈从文. 中国古代服饰研究[M]. 北京: 商务印书馆, 2011.||田自秉, 吴淑生, 田青. 中国纹样史[M]. 北京: 高等教育出版社, 2003.||王树村. 中国吉祥图案集成[M]. 石家庄: 河北人民出版社, 1992.||扬之水. 中国古代金银首饰[M]. 北京: 故宫出版社, 2014.||[明] 文震亨. 长物志[M]. 陈植, 校注. 南京: 江苏科学技术出版社, 1984.",,,,,,,,,清乾隆粉彩百鹿尊,,,,,,,,,唐代联珠对兽纹锦
term,glossary,court-ritual,,,,,vessel-and-meaning||refined-craft||ritual-order||fusion,宫廷礼制与皇家器用,,,,,,,,/images/glossary/court-ritual/hero.png,,,,,,,,FALSE,,简介,宫廷礼制与皇家器用，是以礼法为纲、以器物为目的一套权力叙事与等级秩序。礼制是抽象的法度，器物则是法度的物化——天子用九鼎八簋，诸侯用七鼎六簋，卿大夫用五鼎四簋，鼎的数量就是等级的面孔；龙袍上绣五爪金龙，亲王郡王只能用四爪蟒，一爪之差便是君臣之别。宫廷器物从来不是单纯的日用品或工艺品，每一件都是礼制的具象化、威仪的物质化、秩序的视觉化。与此同时，宫廷的特殊性恰在它与民间的对照中显现——百姓以粗瓷碗饮粗茶，宫廷以金瓯玉盏饮贡茗；百姓以素衣布衫度日，宫廷以十二章纹衮服祭天；百姓门前一对石鼓以镇宅，宫门之前则以铜铸麒麟、石雕狮子以显威。礼制划出了一条森严的界限——什么可以用、什么不可用，什么可以穿、什么不可穿，界限两边，是两重天地。从祭祀大典的礼器陈设到日常起居的一饮一啄，宫廷器用无时无刻不在以无声的语言宣告着权力、等级与天命的神圣秩序。||皇家器用的种类浩如烟海，而最能体现礼制精神的，首推祭祀礼器、朝服冠冕与宫廷陈设三类。祭祀礼器中，青铜鼎是最古老也最郑重的权力象征——天子以九鼎祭天地，鼎内盛太牢三牲，鼎身铸饕餮纹以示神威，夏禹收九牧之金铸九鼎的传说，已将鼎与天命、王权牢牢绑定。周代以降，鼎簋之制被纳入礼经，《周礼》《仪礼》对祭祀用器的材质、形制、数量、陈设方位皆有严苛规定，差之毫厘便是僭越。汉代宫廷在继承周礼的同时融入楚风的神秘与浪漫，博山炉以仙山楼阁为盖，焚香时烟从山间孔窍袅袅而出，既是礼神之器，也是升仙之想；漆器以朱墨二色绘云气神兽，其深沉雄大之中，自有礼制的庄重。唐代宫廷金银器大放异彩，法门寺地宫出土的鎏金茶碾、银香囊、金钵盂，既是对佛教的虔诚供奉，也以金银的璀璨宣告了大唐的富丽与包容。宋代官窑瓷器釉色如玉、开片如冰，宋徽宗以“雨过天青云破处”定汝窑之色，宫廷用器的审美从唐代的金碧辉煌转向宋代的素净内敛，然而礼制的森严丝毫不减——官窑瓷器严禁民间仿制，违者治罪。明代皇权威仪在器物上体现得更为直接，宣德炉以暹罗风磨铜精铸，宝光内敛，专供宫廷祭祀与赏赐；景泰蓝以铜胎掐丝珐琅，满饰缠枝莲与龙凤，色彩浓丽而不失庄重，是皇家独享的工艺。清代将宫廷器用的繁缛与等级推向了极致——乾隆朝金瓯永固杯以黄金为胎，满嵌珍珠宝石，专用于元旦开笔仪式；御窑厂不计工本烧造粉彩、珐琅彩瓷器，“百鹿尊”“百花不落地瓶”纹饰满密、色彩浓艳；织造府以云锦、缂丝织就龙袍，一袍之成耗时数载，五爪金龙盘踞于云水之间，十二章纹罗列于袍服之上。而同样的材质与工艺，百姓断不可染指——金器、玉器、龙凤纹、五爪龙、明黄色，皆为皇家禁脔，民间僭用便是大逆不道。宫门内外，器物之间，权力的疆界被一笔一划地刻画在每一件器具之上。,/images/glossary/court-ritual/hero.png,历史发展,宫廷礼制与皇家器用的体系，可追溯至上古巫觋文化中的祭祀之器。良渚文化的玉琮外方内圆，被认为是沟通天地人神的法器；商周青铜鼎彝本为祭祀而铸，鼎上的饕餮纹狞厉威严，是巫觋在青铜上留下的权力印记。此时的“礼”尚与“器”浑然一体——执器者即是执礼者，执礼者即是掌权者。西周是这一体系的制度化时期。周公制礼作乐，将祭祀、朝聘、宴飨、丧葬等各项仪典纳入严格的等级框架，器物由此被赋予明确的礼制内涵。《周礼》设“六官”以掌邦国，其中“春官宗伯”专司礼器之用，鼎簋、钟磬、圭璧、旌旗皆有其制。孔子“必也正名”的呐喊与“觚不觚，觚哉觚哉”的慨叹，正是对礼器失范的深切忧思。秦并六国，以法家治国，制度一统，始皇收天下兵器铸十二金人，既消弭了六国旧器，也以新铸之器宣告了新秩序的诞生。汉承秦制而润色以儒家，叔孙通制朝仪，刘邦“乃今日知为皇帝之贵也”的感叹，道出了礼制与威仪的深层关联。此后两千年，无论王朝如何更迭，以器物承载礼制、以礼制维系等级的基本框架始终未变。唐代《开元礼》、宋代《政和五礼新仪》、明代《大明会典》、清代《大清会典》对宫廷礼制与器用皆有详尽的图文规定。尤为关键的是，各朝皆设专门机构管理皇家器用——唐代少府监、宋代文思院、明代御用监、清代造办处，这些机构的设立意味着皇家器用的制作脱离了民间手工艺的自发状态，进入了一套由国家权力直接掌控的精密体系。从祭祀的鼎彝到日常的杯盏，从朝服的织造到宫室的陈设，一切皆有定制，一切皆在官造，一切皆为皇权服务。||宫廷礼制与皇家器用之所以能形成一套如此严密而精致的体系，是因为皇权的神圣化需求、儒家的礼教传统、天人感应的宇宙观念以及工匠的技艺支撑，四者在漫长的历史中形成了一股强大的合力。皇权需要合法性的叙事——而器物正是这种叙事最直观的表达。天子祭天以苍璧礼天、黄琮礼地，祭器用玉、用金、用青铜，取其不朽以喻天命永固；登基大典上皇帝身着十二章纹衮服，日、月、星辰、山、龙、华虫、宗彝、藻、火、粉米、黼、黻一一在身，天子之衣便是穿在身上的宇宙，以此昭告天下：朕非寻常之人，乃受命于天。与此同时，儒家以“礼”为治国之本，《礼记》云“礼不下庶人，刑不上大夫”，礼制本身就是一道区分贵贱的界线——百姓用陶碗竹筷，士大夫用瓷盏漆盘，王侯用金银玉器，天子用九鼎八簋，器用的材质、形制、纹饰、数量皆有等差，每升一等便是另一重身份。百姓家中的粗瓷碗与宫中的金瓯玉杯之间，横亘的不是财富的多寡，而是一条礼法森严的鸿沟，逾越便是僭越。此外，天人感应的观念将器物的设计与宇宙秩序相联结——祭天坛圆以象天，祭地坛方以象地，宫室建筑的前朝后寝、左祖右社，皆是对天地秩序的模仿。宫廷用器的材质选择也有宇宙论的意义——玉温润象仁德，金不朽象天命，青铜凝重象社稷，瓷器素净象中和。于是，每一件宫廷器物都不仅是权力与财富的炫耀，而是一个微缩的宇宙，它在材料、形制与纹饰中凝聚着对天地秩序的理解与敬畏。当然，这一切的实现离不开造办处、御窑厂、织造府中无名匠人的毕生功力——景泰蓝的掐丝、珐琅彩的绘制、金瓯永固杯的宝石镶嵌、云锦的妆花织造，每一道工序都是技艺的巅峰，而巅峰的背后是一代代匠人以近乎宗教般的虔诚，将皇权的意志物化为不朽的艺术。||宫廷礼制与皇家器用的精神内核在于“器以藏礼”——将抽象的礼法秩序凝结于具体的器物之中，使之可观、可触、可传。这是一种典型的中国式权力美学：不是以武力恫吓来宣示权威，而是以礼仪的庄严与器物的精美来感召敬畏。那些历经沧桑流传至今的宫廷器物——故宫的太和殿宝座、法门寺的鎏金银器、景德镇的御窑瓷器——它们早已超越了实用的范畴，成为一个文明秩序理想的物质结晶。在文明传播层面，中国的宫廷礼制与皇家器用深刻影响了东亚世界的制度建构。日本奈良、平安时代的宫廷礼制多取法唐制，正仓院所藏唐代螺钿紫檀五弦琵琶、金银平文琴至今保存完好，是天平盛世对大唐礼乐文明的深情回响。朝鲜李朝以“小中华”自居，其宫廷器物、祭器制度一遵明制，景福宫的建筑格局、王室服饰的补子制度无不折射出中国礼制的影响。越南阮朝的宫廷礼仪亦以明清制度为蓝本。这些器物与制度的传播，不仅是权力符号的移植，更是一种文明秩序的认同。今日，当这些宫廷珍宝静静陈列于博物馆的展柜之中，它们依然以沉默的方式诉说着一个古老文明的秩序理想——在那些金玉璀璨、纹饰繁缛的器物背后，是中国人对天地、人伦与权力最庄重的想象。,/images/glossary/court-ritual/his.png,,,,,,ming-diancuiqianzhushijinlongfeng-guan||ming-qinghuahaishuibailongwenbian-hu||ming-tongchongerruzu-lu||ming-qingyumingtaizuyi-ce||qing-zitandiaoyunlongwen-baozuo||qing-yanzhihongdifalangcaikaiguanghuahuiwen-wan||qing-qianlongjinqianbaojinouyonggu-bei||qing-xiangyasibianzhihua-wanshan,"钱玄, 等注译. 周礼[M]. 长沙: 岳麓书社, 2001.||杨宽. 中国古代陵寝制度史研究[M]. 上海: 上海人民出版社, 2003.||孙机. 中国古舆服论丛[M]. 北京: 文物出版社, 2001.||故宫博物院, 编. 清宫造办处档案汇编[M]. 北京: 人民出版社, 2005年起陆续出版.||[明] 文震亨. 长物志[M]. 陈植, 校注. 南京: 江苏科学技术出版社, 1984.",,,,,,,,,西周大盂鼎,,,,,,,,,阎立本《历代帝王图》(局部)
term,concept,utility,,,,,scholar-life-aesthetics||tea-culture||fan-culture||dress-culture,格物致用,,,,,,,,/images/concepts/utility/banner.png,,,,,,,,TRUE,,理念简述,“格物致用”一词源于中国古代儒家思想，其中“格物”最早见于《礼记·大学》：“格物而后知至，知至而后意诚，意诚而后心正。”原意是穷尽事物的原理，以求得真知。至宋代理学兴盛，朱熹对“格物”作了系统阐释，强调通过观察与探究事物之理（“物之理”），以达成修身、齐家、治国、平天下的目的；“致用”则是将所得之理落实于实践之中，使知识与行动统一。《朱子语类》中有言：“学必穷理，穷理而后可以致用。”在这一思想框架中，“格物致用”不仅是求知的方法论，更是将道理应用于日常生活与造物活动的实践观。在宋代，这一理念深刻影响了工艺美术、建筑、器物设计等多个领域。宋人审美崇尚简洁、自然、精雅，反对无谓的繁饰，认为器物之美在于功能与形制的和谐统一。宋代的“格物致用”不仅是理学的哲学命题，更是一种贯穿设计思维与生活方式的文化精神。它促成了宋代器物在功能性、美感与思想内涵上的高度统一，使造物既服务生活，又体现时代的精神追求，成为宋代美学的重要基石。,/images/concepts/utility/banner.png,文化源流,“格物致用”是中国传统哲学中极具影响力的理念，它不仅是一种思维方式，也深刻影响了中国古代的工艺、设计与生活美学。它的思想脉络可以从先秦儒学一直追溯到宋代理学的系统建构，最终在宋代社会生活与造物实践中得到了广泛体现。||理念源头：从《大学》中的“格物致知”起步||“格物”一词最早见于《礼记·大学》：“致知在格物，物格而后知至。”在这里，“格物”意指穷究事物之理，是修身齐家治国平天下的起点。而“致知”即是通过探究万物的道理来获得真实的认知。此处的“格物”强调的是“求理以致知”，是一种内省式的认知过程，奠定了儒家治学、修德的逻辑起点。||理学发展：宋代理学对“格物”的系统阐释||进入宋代，“格物”被理学家进一步理论化，成为儒家哲学体系中认识世界与自我修养的重要方法。北宋程颢、程颐兄弟提出：“格犹穷也，物犹理也”，强调通过穷究万物之理，以达成道德修养。而南宋朱熹则将“格物致知”上升为系统认知论，他指出：“所谓致知在格物者，言欲致吾之知，在即物而穷其理也。”换言之，只有通过认真观察与分析事物，才能获得真正的知识，并将之落实于人生与社会实践之中。||“致用”这一概念虽未被单独提出，但在理学语境中已被内含为“知行合一”的实践指向，即知其理，必用于行。,/images/concepts/utility/source-01.png,,,,,,tang-zitanmuhuaxie-shi||song-jianyangheiyoutuhao-zhan||song-tixiqibing-tuanshan||song-mudanhualuobeixin-yi||song-zhanjiao-futou||song-jizhouyaoheiyoumuyewen-zhan||song-jingdezhenqingbaiyoukehuazhu-hu||song-ruyao-xi||qing-yixingzishatiliang-hu,《考工记》与器用观念资料,https://ctext.org,,,,,/images/concepts/utility/source-02.png,/images/concepts/utility/source-03.png,/images/concepts/utility/source-04.png,朱熹画像,朱子语类,宋 建阳窑黑釉兔毫盏,宋 苏东坡端砚,理蕴于形,在宋代，理学思想不仅影响文人士大夫的道德修养，也深入到日常生活与艺术造物中，“格物致用”因此成为一种贯穿美学与工艺的文化精神。||器物设计方面，如汝窑、定窑、建窑等瓷器，其造型简约端庄，釉色温润含蓄，不仅适于日用，也承载着高度的审美追求。这种设计正体现了对“物之理”的深刻理解与对“用之道”的精巧落实。||文房用具中，如砚台、笔架、香炉等，往往形制考究，功能明确，在使用中传达出文人的审美与修养，体现出“用”中含“理”。||园林与家具设计也强调尺度比例、用材结构的合理性与空间意境的统一，彰显人与器物、环境之间的和谐关系。||这些造物行为不仅体现了对物质材料特性的把握（格物），更体现了将所知之理应用于生活美学与工艺技艺的实践路径（致用），真正实现了知行合一、用美相融。,/images/concepts/utility/form-01.png,格物致用的器形逻辑图示,,
term,concept,fusion,,,,,incense-culture||afterlife-belief||tea-culture||court-ritual,融合多元,,,,,,,,/images/concepts/fusion/banner.png,,,,,,,,TRUE,,理念简述,“融合多元”是理解唐代工艺与中国传统造物开放性的关键理念。它并不是简单地把外来元素拼贴到本土器物之上，而是在长期交流中完成筛选、转译与再组织，使不同地域、不同信仰、不同生活方式中的纹样、材料、技法和器用制度进入新的文化秩序。唐代长安作为欧亚交通网络中的重要都会，既连接西域、中亚、波斯、印度等地的物产与图像，也以宫廷、寺院、市场和日常生活重新吸收这些因素。鎏金鸿雁纹银茶槽子正可作为“融合多元”的典型例证：它一方面服务于唐代煎茶法中碾茶、研茶的具体功能，与陆羽《茶经》所述“碾”等茶器系统相应；另一方面又以银胎、鎏金、錾刻、镂空、如意云头、鸿雁流云和天马祥云等形式，呈现出中原茶事、宫廷制度、金银细工和丝路图像之间的交汇。所谓“融合多元”，在这件器物中不是外来与本土的简单并置，而是功能、审美与文化象征彼此嵌合：茶事本土化，金银工艺精致化，异域纹样吉祥化，最终形成一种富丽、开放而有秩序的唐代造物精神。,,文化源流,交流背景：丝路网络中的唐代长安||“融合多元”的历史基础，首先来自唐代高度开放的交通与文化环境。丝绸之路并非单一商道，而是连接东西方的贸易、宗教、技术和艺术传播网络。UNESCO 关于“丝绸之路：长安-天山廊道”的说明指出，这一交通体系连接了古代长安与中亚地区，促进了商品、思想、宗教信仰、科学技术与艺术形式的交流。唐代长安正处于这种交流网络的东端核心位置，外来金银器、玻璃器、香料、乐舞、服饰和图案不断进入帝国都城，又被宫廷制度、礼仪生活和本土审美重新组织。||器用转化：茶事制度与金银工艺的结合||唐代茶文化的成熟，为多元因素的融合提供了具体生活场景。陆羽《茶经·四之器》系统列举了煎茶所需器具，其中“碾”用于研碎茶饼，是唐代茶事流程中的关键工具。鎏金鸿雁纹银茶槽子正属于这一器具体系，其长方槽身、碢轴和辖板共同构成研磨结构，使团茶从饼状转化为适于煎煮的茶末。这里的融合不仅发生在装饰层面，也发生在功能层面：茶事作为本土生活方式，借助高度精细的金银器制作获得了宫廷化、制度化和审美化的表达。||纹样融合：中原祥瑞与异域风格的再组织||这件茶槽子两侧饰鸿雁流云，座壁又有天马祥云等纹样。鸿雁在中国传统文化中常与信义、高远、往来和季节迁徙相关，云气纹则具有祥瑞与流动之意；天马形象则更容易让人联想到丝路交通中马、骑乘和西域图像的传播。唐代工艺最有意味之处，正在于它并不把这些图像保持为彼此割裂的来源，而是让它们共同进入一件茶器的装饰系统：鸿雁、流云、天马、如意云头、银胎鎏金和镂空壸门相互配合，形成既中原化又具有开放气息的视觉语言。||文化意义：从吸收到创造||“融合多元”的价值并不在于证明某一纹样来自何处，而在于说明唐代造物如何把不同来源的因素转化为新的整体。茶槽子的功能来自唐代茶法，材质和工艺体现宫廷金银细工，纹样系统吸收祥瑞、云气与丝路意象，铭文和制度属性又把它纳入官方作坊和宫廷生活之中。多元元素经过这种再组织后，已不再是外来的、零散的装饰，而成为唐代器物自身的文化结构。它显示出一种开放而有主导性的创造力：能吸收差异，也能赋予差异以新的秩序。,/images/concepts/fusion/source-01.png,,,,,,tang-putaohuaniaowenyin-xiangnang||tang-haishouputaowen-jing||tang-tangsancaizaiyueluotuo-yong||tang-liujinkuibanyin-chatuo||tang-liujihongyanwenyincha-caozi||qing-yanzhihongdifalangcaikaiguanghuahuiwen-wan,"UNESCO World Heritage Centre: Silk Roads, the Routes Network of Chang'an-Tianshan Corridor|| 《茶经》- 维基文库|| 中国国家博物馆：鎏金银茶托|| 法门寺博物馆：唐代宫廷茶具资料",https://whc.unesco.org/en/list/1442||https://zh.wikisource.org/wiki/%E8%8C%B6%E7%B6%93||https://www.chnmuseum.cn/zp/zpml/kgfjp/202111/t20211116_252276.shtml||http://www.fmsbwg.com/cqj/74.html,,,,,/images/concepts/fusion/source-02.png,/images/concepts/fusion/source-03.png,/images/concepts/fusion/source-04.png,UNESCO五次《丝绸之路》考察地图,唐 宝相花织锦,唐代玻璃茶盏和茶托,唐代陶骆驼载乐舞三彩俑,理蕴于形,在“融合多元”的视角中，鎏金鸿雁纹银茶槽子是一件把茶事、金银工艺、宫廷制度和丝路图像结合起来的复合型器物。它不是单纯的茶具，也不是单纯的华丽陈设，而是在使用、纹饰、材料和制度铭文之间形成多层意义。槽身的长方结构服务于碾茶功能，银胎与鎏金使器物进入贵重礼用和宫廷审美系统，鸿雁、流云、天马与如意云头又将中原祥瑞和开放交流的图像经验组织在同一器表之上。||在“技”的层面，锤揲、錾刻、鎏金、焊接、镂空等工艺共同参与成器，使茶槽子具备复杂结构和精细装饰。技术本身也体现融合：既要满足碾茶的坚固性与准确性，又要在狭长器身上安排纹样、铭文和开光，使实用系统与装饰系统互不冲突。工艺因此成为多元因素得以共存的实际手段。||在“文”的层面，这件器物体现出唐代文化的开放气象。茶事、鸿雁、天马、流云、鎏金银器和宫廷铭文各自带有不同文化指向，但在器物中并不彼此排斥，而是转化为一种富丽而有秩序的整体风貌。由此，“融合多元”不只是题材丰富，更是把差异纳入器用和审美结构之中的能力。,/images/concepts/fusion/form-01.png,,,
term,concept,harmony,,,,,incense-culture||afterlife-belief||tea-culture||scholar-life-aesthetics||fan-culture,天人合一,,,,,,,,/images/concepts/harmony/banner.png,,,,,,,,TRUE,,理念简述,“天人合一”是中国传统思想中关于人与天地自然关系的重要理念。它并不是单纯强调人对自然的依附，也不是把自然作为外在景观来观看，而是认为人的生命、情感、行为尺度与天地万物之间存在可以相通、相应、相调和的秩序。《庄子·齐物论》言“天地与我并生，而万物与我为一”，体现出道家对于物我相融、万物齐一的理解；《礼记·中庸》则以“致中和，天地位焉，万物育焉”说明人的内在修养与天地万物的生生秩序之间具有呼应关系。落实到工艺美术与器物设计中，“天人合一”并不只是把花鸟山水装饰在器表，而是把自然的生机、节律、材料物性与人的使用经验组织为一个和谐整体。南宋花鸟纹银盘正可作为这一理念的形象载体：银质盘体以柔和瓣口回应花叶形态，錾刻花鸟纹将自然生命引入日用宴饮器物之中，局部鎏金又在清雅银色中增添温润光泽。器物在可用、可赏、可感之间达成平衡，使自然意象不再只是图案，而成为人居生活中可被触摸和使用的审美秩序。,,文化源流,理念源头：从万物一体到中和秩序||“天人合一”的思想根基可以从先秦儒道两条路径中理解。道家强调人并非凌驾于天地万物之上，而是自然整体中的一分子。《庄子·齐物论》以“天地与我并生，而万物与我为一”消解物我、彼此和大小的僵硬分别，指向一种顺应自然、与万物同体的精神境界。儒家则更重视人在天地秩序中的道德实践，《中庸》提出“天命之谓性，率性之谓道”，并以“中和”说明情感、礼仪与天地生育之间的关系。由此可见，“天人合一”既包含自然哲学意义上的整体观，也包含伦理和审美意义上的调和观。||审美转化：自然不只是题材，而是造物方法||进入艺术与工艺领域后，“天人合一”逐渐转化为一种造物原则。自然花鸟、山水、草木并不只是外在题材，它们的生长姿态、节奏关系、疏密变化和季节气息，都可以转化为器物的形、纹、色和用。宋代审美尤其重视含蓄、清雅、自然与生活化的趣味，花鸟小品、器用陈设和文人生活互相映照，使自然意象进入茶事、宴饮、文房和居室空间。工艺因此不追求强烈的人工征服感，而更强调顺材、因形、取意和留白，使人造之器具有“宛若自然”的生动气息。||器物例证：南宋花鸟纹银盘中的自然秩序||以南宋花鸟纹银盘为例，银盘本为宴饮或陈设器，却通过瓣口形制、花枝布局、禽鸟姿态和局部鎏金形成一种自然化的器物语言。大都会博物馆所藏同类花鸟银盘年代为南宋至元，说明此类器物多用于正式宴饮，形制与同时期瓷器、漆器有相通之处。银材本身轻薄而有光，适合錾刻、戳点和局部鎏金，花鸟纹在盘面展开时既符合观赏角度，也不妨碍器物承盛功能。自然图像由此被纳入器用秩序，使宴饮行为带有庭园、花木与禽鸟相伴的诗意。||理念意义：从自然图像到生活境界||“天人合一”在传统工艺中的意义，正在于让器物成为人与自然之间的中介。器物一方面来自自然材料，服从金、木、玉、瓷、漆等材质自身的物性；另一方面又通过工艺加工、纹饰组织和使用情境进入人的生活。真正成熟的造物，不是把自然简单复制到器表，而是把自然的节律转化为可用的比例、可观的纹样、可感的气韵和可持续的生活秩序。南宋花鸟纹银盘所呈现的柔和、清雅、疏朗与生机，正说明“天人合一”可以在日用器物中化为一种不张扬却深长的美学精神。,/images/concepts/harmony/source-01.png,,,,,,han-cuojinyinboshan-lu||han-ruishoubojuwenliujintong-jing||han-riyuesishenwencuojinqingtong-danglu||tang-haishouputaowen-jing||song-jianyangheiyoutuhao-zhan||song-tixiqibing-tuanshan||song-jizhouyaoheiyoumuyewen-zhan||song-huaniaowenyin-pan||song-longquanyaogaozuci-wan||song-cizhouyaobaidiheihuahuahuiwenmei-ping||song-ruyao-xi,《庄子·齐物论》- 中国哲学书电子化计划||《礼记·中庸》- 中国哲学书电子化计划||Lobed dish with flowers and birds - The Metropolitan Museum of Art,https://ctext.org/zhuangzi/adjustment-of-controversies/zh||https://ctext.org/liji/zhong-yong/zh||https://www.metmuseum.org/art/collection/search/4430,,,,,/images/concepts/harmony/source-02.png,/images/concepts/harmony/source-03.png,/images/concepts/harmony/source-04.png,良渚玉琮,良渚文化鸟立神坛纹玉璧,汉 金乌瓦当,金刻本庄子全解 宋刻本四书章句集注,理蕴于形,在“天人合一”的视角中，器物之美首先来自人与自然之间的相互调适。南宋花鸟纹银盘并不是把自然图案机械地附加在器物表面，而是让材料、形制、纹饰与使用场景共同形成一种自然化的生活秩序。银质的温润光泽、盘沿的瓣状起伏、花枝与禽鸟的轻盈布局，使器物仿佛从庭园景致中生发而来，又能回到宴饮与陈设的日常场景之中。自然在这里不是远处山水，而是进入手边、案上和席间的审美经验。||在“技”的层面，錾刻、戳点和局部鎏金等金属工艺使花鸟纹具有细密而有层次的生命感。工艺并不以繁复压倒器形，而是顺应银材延展性与反光特征，使花瓣、枝叶、羽毛和盘面留白之间保持清朗节奏。技术越精细，越需要克制；只有不使工艺痕迹喧宾夺主，才能让自然意象显得生动而可信。||在“文”的层面，花鸟银盘所承载的是宋人将自然纳入生活的文化趣味。花鸟不仅象征生机与时序，也提示人与自然共同处在流动的节律中。器物的气韵不在宏大，而在平和、舒展、可亲近；它让宴饮、陈设和观赏都带有一种与天地万物相通的日常诗意。由此，“天人合一”在器物中表现为材质顺性、形纹相生、使用得宜和气韵相融。,/images/concepts/harmony/form-01.png,,,
term,concept,ritual-order,,,,,incense-culture||afterlife-belief||court-ritual,礼以成器,,,,,,,,/images/concepts/ritual-order/banner.png,,,,,,,,FALSE,,理念简述,“礼以成器”并非古籍中固定成语，而是对中国传统造物观的一种概括：礼作为社会秩序、伦理分际与仪式行为，并不只停留在抽象规范之中，而是借由器物的材料、形制、纹饰、陈设与使用方式被具体化、可视化和可执行化。先秦礼学强调礼与物之间的互相成就，《礼记·礼器》言“礼也者，物之致也”，说明礼并不是脱离物质条件的空洞形式，而是在具体财物、空间、时序与行为中达到其意义的实现。《左传·成公二年》又有“器以藏礼，礼以行义”之说，将“器”置于政治秩序与伦理实践的链条之中。由此可见，器物不是礼的附属装饰，而是礼的承载者、显现者和执行媒介。以青铜礼器为代表，鼎、簋、尊、卣等器物通过材质的厚重、形制的等级、纹饰的威仪、铭文的记事与陈设组合的差异，使祭祀、宴飨、册命、赏赐等礼仪活动获得稳定的形式。所谓“礼以成器”，正是指礼制精神在造物中凝结为可用、可观、可传的器物秩序；而器物也因礼的赋义而超越日常用具，成为社会身份、伦理责任与文明记忆的象征。,,文化源流,理念源头：从礼与物的关系出发||“礼以成器”的思想基础可追溯至先秦礼学中关于“礼”“器”“物”的讨论。在儒家传统中，礼并非单纯的仪式程序，而是调节人与人、人与祖先、人与天地之间关系的规范体系。《礼记·礼器》提出礼要“合于天时，设于地财，顺于鬼神，合于人心”，这意味着礼的成立需要依托具体的时间、场所、物产与人情。礼之所以能发生作用，正因为它不是纯粹观念，而是在器物、服饰、音乐、空间和动作中被安排出来。||器物成礼：从“器以藏礼”到礼制秩序||《左传·成公二年》中“器以藏礼，礼以行义”的表述，为理解礼器关系提供了关键线索。这里的“器”不仅指一般用具，也包括曲县、繁缨、礼器等具有等级含义的制度性物件。它们之所以“不可假人”，正在于器物与名分相连，名分又关系政治信用和社会秩序。器物一旦被错误授予，便不只是物品错置，而是礼制边界被扰动。因此，礼器在古代社会中承担着区分身份、确认职分、稳定秩序的功能。||青铜礼器：早期国家中的制度化造物||夏商西周时期，青铜铸造的发展与早期国家形态的形成密切相关。中国国家博物馆“古代中国”陈列说明指出，夏商西周时期王权政治不断强化，青铜铸造达到鼎盛，西周统治者推行的礼制重在彰显并维护等级秩序。具体到礼器组合，不同等级贵族所使用的礼器数量和组合各不相同，庶人不得使用贵族礼仪。由此可见，鼎、簋、壶、盘等并不只是盛食、盛酒、盥洗的容器，而是将宗法、等级、祭祀与政治权力共同组织起来的物质系统。||观念转化：从制度之器到造物之理||“礼以成器”在造物层面强调：器物的美并不只来自材质珍贵或纹饰繁复，而来自其是否准确承载了礼的秩序。青铜的沉重、鼎簋的比例、兽面纹与云雷纹的组织、铭文的铸刻、成组成套的陈列方式，都使礼的抽象原则转化为可感知的尺度、重量、方向和节奏。器物因此具有双重身份：一方面服务于祭祀、宴飨、朝聘等实际仪式；另一方面又通过形制和使用规则表达敬畏、分际与共同体记忆。,/images/concepts/ritual-order/source-01.png,,,,,,han-cuojinyinboshan-lu||han-ruishoubojuwenliujintong-jing||han-mawangduihanmutxingbo-hua||han-yizisunchukuo-yubi||han-riyuesishenwencuojinqingtong-danglu||tang-tangsancaizaiyueluotuo-yong||ming-qingyumingtaizuyi-ce,"《礼记·礼器》- 中国哲学书电子化计划|| 《春秋左传·成公二年》- 中国哲学书电子化计划|| 中国国家博物馆“古代中国”：夏商西周时期
",https://ctext.org/liji/li-qi/zh||https://ctext.org/chun-qiu-zuo-zhuan/cheng-gong-er-nian/zh||https://www.chnmuseum.cn/portals/0/web/zt/gudai/detail2.html,,,,,/images/concepts/ritual-order/source-02.png,/images/concepts/ritual-order/source-03.png,/images/concepts/ritual-order/source-04.png,商 四羊铜方尊 局部,妇好鸮尊,春秋 青铜礼器 曾伯宫父匜,玉礼六器,理蕴于形,在“礼以成器”的视角中，器物不是被动承接礼制的外壳，而是礼序得以成立的形态基础。以青铜礼器为例，其“质”首先来自青铜材料的坚硬、沉重与可铸性，使礼器具有不同于日用陶木之器的稳定感和庄严感；其“色”则由青铜幽暗、沉静的金属色泽及岁月所生的青绿色锈层共同形成，营造出祭祀和庙堂所需的肃穆氛围。器物的“形”尤能体现等级秩序，鼎、簋、尊、卣等各有用途和组合规则，形制的差异即是礼制分际的可视表达；“纹”则通过兽面、云雷、夔龙等图案组织出威仪和神圣感，使器表成为礼意展开的场域；“用”则把器物重新带回仪式现场，祭享、陈设、盥荐、宴飨等动作使礼不止被观看，而是在使用中被完成。||在“技”的层面，青铜礼器依赖范铸、分铸、合范、铭文铸刻等复杂工艺。工艺并非单纯炫示技巧，而是将制度要求转译为稳定形体：器壁厚薄、纹饰层次、铭文位置、附件连接和成组器类，都需要在制作过程中被精确控制。也正因为礼器承载等级、祭祀与记功功能，工艺的严整本身便成为礼的一部分。||在“文”的层面，礼器所呈现的“神”是庄重端凝的精神气质，它让使用者在视觉与身体经验中感到敬意；其“意”在于以器藏礼、明分守义，使器物成为伦理秩序的象征；其“气”则来自尺寸、重量、陈列和空间关系所构成的仪式感。当礼器被置于宗庙、墓葬或宴飨场景中，它所营造的不只是视觉中心，更是一种可被共同识别的秩序氛围。由此，“礼以成器”揭示了中国传统造物中制度、工艺与审美的结合：礼使器物获得意义，器物也使礼获得形体。,/images/concepts/ritual-order/form-01.png,,,
term,concept,vessel-and-meaning,,,,,afterlife-belief||dress-culture||court-ritual||incense-culture,器以载道,,,,,,,,/images/concepts/vessel-and-meaning/banner.png,,,,,,,,FALSE,,理念简述,“器以载道”是中国传统造物思想中关于器物与精神意义关系的重要概括。这里的“器”并非单纯的物质容器，也不是只为满足实用功能的工具；它是形制、材料、工艺、纹样和使用情境共同构成的文化载体。“道”则可理解为宇宙秩序、伦理观念、审美理想和制度意义在器物中的凝结。《易传·系辞上》提出“形而上者谓之道，形而下者谓之器”，说明抽象之理与具体之物之间并非割裂，而是通过形象、制度和使用发生关联；同篇又言“以制器者尚其象”，提示古人制器常从象、意、理之间建立转化关系。落实到工艺美术中，“器以载道”意味着器物要在可用、可观、可感中承担更深层的文化表达。明代青花海水白龙纹扁壶正是这一理念的典型例证：白瓷之胎、钴蓝之色、扁壶之形、海水白龙之纹，以及宣德青花浓艳深沉的工艺效果，共同构成一套关于皇权、天地、海宇和秩序的视觉语言。它不仅是一件陈设器，也是一种以瓷为体、以纹为象、以工为法、以意为道的造物表达。,,文化源流,理念源头：道与器的关系||“器以载道”的思想基础可追溯到先秦关于“道”“器”“象”的讨论。《易传·系辞上》以“形而上者谓之道，形而下者谓之器”区分抽象原则与具体形体，但这种区分并不意味着二者相互隔绝。相反，《易传》同时强调“制器尚象”，说明圣人观象、取意、成器，是为了使不可见的道理进入可见、可用、可传的形态。器物因此不是道的反面，而是道得以显现、保存和流通的方式。||造物传统：良器必合材美工巧||《周礼·冬官考工记》提出“天有时，地有气，材有美，工有巧。合此四者，然后可以为良”，为理解传统工艺中的“载道”提供了造物层面的依据。所谓良器，不只是技术上完成的器物，而是时间、地域、材料与工巧相互配合的结果。器物之所以能够承载意义，正在于它将材料之性、工艺之法、使用之宜和社会观念整合在同一形体之中。||瓷器转化：青花成为意义的载体||青花瓷的发展，使“器以载道”的表达获得了高度成熟的媒介。青花以钴料在瓷胎上绘饰，再施透明釉高温烧成，蓝色深入釉下，既坚固耐久，又具有水墨般的晕散层次。明代宣德青花尤以发色浓艳、铁锈斑和晕散效果著称，能在白瓷之上形成深蓝与留白的强烈对照。故宫博物院所藏青花海水白龙纹扁壶，即以青花满绘汹涌海水，以留白呈现白龙，凭借蓝白关系把龙纹、海水、瓷胎和釉色统一为一种宏阔的图像秩序。||器物例证：白龙海水中的帝王之道||青花海水白龙纹扁壶的意义，不止在其造型奇特或纹饰华美。扁壶腹部的白龙从深蓝海水中腾跃而出，龙身以留白显形，细部又以暗刻和点睛表现，使“不画”的白与满绘的蓝共同构成强烈视觉张力。海水象征辽阔与动势，白龙象征尊贵、权威和天命，二者组合为一种关于“君临四海”的宫廷图像。器物因此把皇权观念、天地想象、青花工艺和陈设功能共同承载起来，成为“器以载道”的具体形态。,/images/concepts/vessel-and-meaning/source-01.png,,,,,,han-yizisunchukuo-yubi||ming-diancuiqianzhushijinlongfeng-guan||ming-qinghuahaishuibailongwenbian-hu||ming-tongchongerruzu-lu||ming-qingyumingtaizuyi-ce||qing-zitandiaoyunlongwen-baozuo||qing-qianlongjinqianbaojinouyonggu-bei,《易传·系辞上》- 维基文库|| 《周礼·冬官考工记》- 维基文库|| 故宫博物院：青花海水白龙纹扁壶,https://zh.wikisource.org/wiki/%E6%98%93%E5%82%B3/%E7%B9%AB%E8%BE%AD%E4%B8%8A||https://zh.wikisource.org/wiki/%E5%91%A8%E7%A6%AE/%E5%86%AC%E5%AE%98%E8%80%83%E5%B7%A5%E8%A8%98||https://www.dpm.org.cn/collection/ceramic/226772.html,,,,,/images/concepts/vessel-and-meaning/source-02.png,/images/concepts/vessel-and-meaning/source-03.png,/images/concepts/vessel-and-meaning/source-04.png,商 西周 春秋 铜器上的云雷纹,上海博物馆馆藏晋侯苏钟,宋本《考工记》,汝窑天青釉弦纹樽 故宫博物院,理蕴于形,在“器以载道”的视角中，青花海水白龙纹扁壶的意义并不只来自图案本身，而来自器形、胎釉、青花、留白、暗刻与宫廷陈设语境的综合作用。瓷胎提供洁白而坚致的物质基础，钴蓝海水形成深邃的视觉场域，白龙则以留白方式从蓝地中显现。器物通过“蓝地托白”的方式，让龙纹不只是装饰，而成为道理、权威与秩序的可见形象。||在“技”的层面，这件扁壶将制坯、成型、暗刻、青花绘制、施釉和高温烧成结合在一起。匠人先勾划龙纹轮廓和细部，再以青花料满绘周围海水，使白龙在烧成后从钴蓝波涛中显出。工艺越复杂，越需要服务于意义表达：留白不是空缺，而是使龙获得精神中心地位的技术安排。||在“文”的层面，器物所承载的是明代宫廷关于权力、天地与四海秩序的想象。龙是帝王象征，海水象征广阔疆域与浩荡气势，扁壶的陈设性又使这种意义进入宫廷观看空间。由此，“器以载道”表现为一种通过器物组织观念的能力：道不悬空，必须托于器；器不止用，亦能明道。,/images/concepts/vessel-and-meaning/form-01.png,,,
term,concept,refined-craft,,,,,dress-culture||court-ritual||incense-culture||tea-culture||fan-culture,雅正精工,,,,,,,,/images/concepts/refined-craft/banner.png,,,,,,,,FALSE,,理念简述,“雅正精工”是中国传统工艺中关于品格、尺度与技艺关系的重要理念。所谓“雅”，不是脱离日用的清谈趣味，而是器物在形制、色泽、纹理和使用中显出含蓄、平和、可亲近的文人气息；所谓“正”，不是僵硬对称或规训感，而是比例得宜、结构端稳、功能明确，使器物在日常使用中不失法度；所谓“精工”，则不是炫技繁饰，而是材料选择、成型方法、细部收束和使用手感都经得起反复观看与反复使用。宜兴紫砂提梁壶正适合承载这一理念：紫砂泥质温润而不施釉，壶身圆浑饱满，提梁线条舒展，素面之中见手作痕迹，壶嘴、壶盖、壶钮与提梁之间又需要精确配合。它的美不靠浓彩与繁纹取胜，而是在朴素泥色、稳定形制和细密工艺之间形成端雅气度。由此，“雅正精工”可以理解为一种成熟的造物标准：器物既要有文气，也要有法度；既要可赏，也要可用；既显匠心，又不让匠心压倒器物本身。,,文化源流,理念源头：文质相称的审美品格||“雅正精工”的思想基础，可以从儒家关于“文”与“质”的讨论中理解。《论语·雍也》有“质胜文则野，文胜质则史。文质彬彬，然后君子”之说，强调内在质地与外在文采必须相称。转入造物层面，器物若只有材料厚实而缺少形式经营，容易显得粗率；若只有装饰华美而缺少质地与功能支撑，又容易流于浮薄。所谓“雅正”，正是在文与质之间建立恰当比例，使器物既有可见的审美修养，也有可用、可信、可久的内在根基。||造物传统：材美工巧合而为良||《周礼·冬官考工记》提出“天有时，地有气，材有美，工有巧。合此四者，然后可以为良”，为“精工”提供了更具体的工艺依据。良器并非单靠匠人手巧便可完成，而是要让时间、地域、材料和技术彼此配合。紫砂器尤其如此：泥料的颗粒、可塑性、烧成后的气孔结构和表面质感，决定了它适宜以素面、线条和器形来显美；工艺的精细也不只在外观整齐，更体现在壶嘴出水、壶盖密合、把手持握和整体重心之间的协调。||器用转化：紫砂壶中的文人日用||宜兴紫砂壶在明清以来逐渐与文人饮茶、案头陈设和题铭赏玩结合起来，形成既日用又可赏的器物传统。紫砂不以釉彩遮蔽泥性，而以泥色、砂质、成型线条和使用包浆显出时间感；壶体也往往不追求夸张装饰，而以圆、方、筋纹、提梁、仿生等形制变化表现匠人的造型能力。提梁壶的难处正在于提梁、壶身与流嘴必须在视觉和力学上同时成立：线条要舒展，结构要稳定，提拿要顺手，出水要流畅。它把“雅正”落实为比例和姿态，又把“精工”落实为细部和手感。||理念意义：从炫技走向克制的成熟||“雅正精工”的价值，在于提醒传统工艺的高明处并不总是显露在繁密装饰或奇巧造型中。真正成熟的器物，往往能把复杂的工艺隐藏在自然、安定、从容的形态里。紫砂提梁壶表面素净，恰能显出泥质的温润和手作的节奏；壶腹圆浑，恰能稳定气息并承载茶汤；提梁高起，既形成视觉重心，又回应取用方式。器物由此不只是茶具，也是一种关于修养、尺度和手艺的造物表达：雅在不浮，正在有度，精在无碍，工在可久。,/images/concepts/refined-craft/source-01.png,,,,,,ming-diancuiqianzhushijinlongfeng-guan||ming-qinghuahaishuibailongwenbian-hu||ming-xijiaoloudiaoqiukuiyewenyulanhuaxing-bei||ming-tongchongerruzu-lu||qing-zitandiaoyunlongwen-baozuo||qing-yixingzishatiliang-hu||qing-yanzhihongdifalangcaikaiguanghuahuiwen-wan||qing-qianlongjinqianbaojinouyonggu-bei||qing-xiangyasibianzhihua-wanshan,《论语·雍也》- 中国哲学书电子化计划|| 《周礼·冬官考工记》- 维基文库||中国宜兴陶瓷博物馆,https://ctext.org/analects/yong-ye/zh||https://zh.wikisource.org/wiki/%E5%91%A8%E7%A6%AE/%E5%86%AC%E5%AE%98%E8%80%83%E5%B7%A5%E8%A8%98||https://www.yxtcbwg.com/,,,,,/images/concepts/refined-craft/source-02.png,/images/concepts/refined-craft/source-03.png,/images/concepts/refined-craft/source-04.png,明 青玉竹节杯,明式家具,清 彩苍龙教子双螭龙耳抱月瓶,清 螺钿花台,理蕴于形,在“雅正精工”的视角中，宜兴紫砂提梁壶的美首先来自器物整体的克制与准确。紫砂泥不施釉、不覆彩，直接以泥质、砂感和烧成色泽呈现材料本身；圆腹与提梁构成稳定而舒展的轮廓，壶嘴、壶盖、壶钮和提梁的关系则共同决定使用是否顺畅。器物并不依赖繁纹制造视觉刺激，而是让比例、线条、质感和手感承担主要表达。||在“技”的层面，“精工”并不等于表面繁复，而是每一个细节都服务于器用和气韵。壶身成型要饱满而不臃肿，提梁接合要牢固而不生硬，壶盖与口沿要严密而不滞涩，壶嘴出水要利落而不破坏整体姿态。技术越精，越能让使用者感到自然；工艺越成熟，越不需要以外露的奇巧证明自身。||在“文”的层面，紫砂提梁壶承接的是文人茶事中清雅、端正、耐看的生活理想。它不以宫廷式华丽取胜，也不追求强烈装饰符号，而是在一把可提、可注、可养、可赏的茶壶中凝聚日常修养。由此，“雅正精工”表现为器物的内在秩序：以材质见朴，以形制见正，以工艺见精，以气韵见雅。,/images/concepts/refined-craft/form-01.png,,,
timeline,,han,,,,,,汉,,,,,,,,/images/timeline/han/hero.png,,,,,,,,TRUE,,时代导览,“深沉雄大·古朴厚重”是这一时期独具特色的美学总纲，其核心在于以雄浑壮阔的精神气象与质朴厚重的造物法则，将宏大叙事与沉实力量融为一体，塑造出一种充满原始张力与永恒感的文化审美体系。||所谓“深沉雄大”，是指汉代艺术与器物追求气魄的深沉与格局的阔大，不以纤巧悦目，而在沉雄厚实之中见出吞吐宇宙的胸襟。鲁迅曾以“气魄深沉雄大”论汉画像石，其线条粗犷、构图饱满，于石面之上铺陈天地人神、历史神话，展现出一种不事雕琢却震撼人心的力量。而“古朴厚重”则源自汉人根植于大地与生命的质朴观念，造物不尚浮华，以块面、体积与材质本身的重量感取胜，呈现出如大地般厚实沉静的美学品格。||汉代在大一统帝国的格局下，楚文化的浪漫奇谲与北方文化的刚健质实相互激荡，形成了既瑰丽雄奇又质朴沉实的时代气质。在社会经济层面，盐铁之利、丝绸之路的开通与郡县体系的稳固，为大规模营建与厚葬之风提供了物质基础，墓室壁画、画像石、陶俑群、金银铜器大量涌现，以宏阔的场面与饱满的造型记叙现世与来世的想象。在思想信仰层面，黄老之学奠定了汉初清静无为的底色，儒家经学则在武帝以后确立为制度核心，与此同时，神仙方术、谶纬之学风行，阴阳五行观念渗透到日常生活的方方面面，形成了一种将天命、人事与器物紧密联结的神秘主义世界观。正是这种深沉的天人信仰与事死如生的丧葬观念，催生了以霍去病墓石雕、马王堆帛画、汉画像石为代表的艺术奇观——它们不求肖似自然的精细，而以浑然的体量、流动的云气与铺陈的图式，构筑出一个贯通生死、包罗万象的象征世界。||因此，“深沉雄大·古朴厚重”不仅是汉代美学的集中表达，更是那个时代文化精神的写照——它以大一统的雄阔气度为根基，以天人感应的深沉信仰为内核，以楚风浪漫与北方刚健的交融为气质，让每一块石头、每一件器物都成为力量与永恒的存在，使汉代造物本身即是一部镌刻在金石之上、沉雄而不朽的史诗。,/images/timeline/han/sum.png,美学与哲学理念,,,相关文化场景,,,,,,"鲁迅. 而已集[M]. 上海: 北新书局, 1928.||信立祥. 汉代画像石综合研究[M]. 北京: 文物出版社, 2000.||[美] 巫鸿. 武梁祠: 中国古代画像艺术的思想性[M]. 柳扬, 岑河, 译. 北京: 生活·读书·新知三联书店, 2006.||王子云. 中国雕塑艺术史[M]. 北京: 人民美术出版社, 1988.||湖南省博物馆, 中国科学院考古研究所, 编. 长沙马王堆一号汉墓[M]. 北京: 文物出版社, 1973.||孙机. 汉代物质文化资料图说[M]. 上海: 上海古籍出版社, 2011.||葛兆光. 中国思想史: 第一卷[M]. 上海: 复旦大学出版社, 2001.||[美] 余英时. 东汉生死观[M]. 侯旭东, 译. 上海: 上海古籍出版社, 2005.||李泽厚. 美的历程[M]. 北京: 文物出版社, 1981.",,汉,前202-公元220年,深沉雄大,古朴厚重,,,,,,,,,,,,/images/timeline/han/home.png,和林格尔汉墓壁画 车马出行图
timeline,,tang,,,,,,唐,,,,,,,,/images/timeline/tang/hero.png,,,,,,,,TRUE,,时代导览,“富丽堂皇·兼收并蓄”是这一时期独具特色的美学总纲，其核心在于以辉煌灿烂的视觉气象与海纳百川的文化胸襟，将国力之盛、异域之风与生命之美熔铸为一体，塑造出一种充满自信与活力的盛世审美体系。||所谓“富丽堂皇”，是指唐代艺术与器物追求气度的华贵与场面的盛大，不尚清简含蓄，而以丰腴饱满的造型、浓艳热烈的色彩与铺张扬厉的格局震撼人心。金银器錾刻流光、三彩釉色淋漓、织锦绣纹繁密，宫廷与市井之间洋溢着对繁华现世的热烈礼赞。而“兼收并蓄”则源自大唐作为世界性帝国的开放姿态，丝绸之路上商旅如织，胡风东渐，波斯、粟特、印度、突厥等异域文化涌入长安，与中原本土传统碰撞交融，在包容与吸纳中催生出前所未有的艺术新貌——胡服骑射成为时尚，胡乐胡舞风靡朝野，金银器形制融贯中西，佛教艺术彻底中国化，一切外来因子皆被从容消化，化为盛唐气象的血肉。||唐代在国力鼎盛、疆域辽阔的背景下，以其空前的自信心与包容力，构筑了一幅多元共生、气象万千的文化图景。在社会经济层面，均田制与租庸调制的推行、大运河的贯通、丝绸之路的繁荣，造就了长安与洛阳两座国际都会的极度繁华，贵族奢华生活与市民文化的勃兴共同推动了工艺美术的繁盛，金银器、铜镜、丝绸、三彩、石刻等技艺臻于巅峰。在精神信仰层面，唐代以开放的心态容纳三教并立——佛教在石窟造像与经变壁画中达到辉煌顶峰，道教因皇室尊崇而与宫廷文化深度缠绕，儒家仍为治国理政的制度根基，与此同时，景教、祆教、摩尼教等外来宗教亦在长安设寺传道，多元信仰并存不悖。在文学艺术层面，唐诗以其浑厚开阔的意境与无所不包的题材成为一代之盛，李白之飘逸、杜甫之沉雄、王维之禅意，皆折射出时代精神的不同侧面；张萱、周昉笔下的仕女丰腴雍容，韩幹画马雄健昂扬，莫不是盛唐气度的生动写照。正是这种政治上的自信、经济上的富足与文化上的开放，使唐代造物与艺术呈现出一种不拒众流、方成江海的大国气象——既有金碧辉煌的庙堂庄严，又有胡旋舞转的异域风情；既有三彩駱駝载乐俑那般的活泼鲜活，又有法门寺地宫珍宝那般的沉静肃穆。||因此，“富丽堂皇·兼收并蓄”不仅是唐代美学的集中表达，更是那个时代文化精神的写照——它以空前强盛的国力为根基，以海纳百川的开放胸襟为气度，以对现世生活的热烈拥抱为底色，让胡风汉韵交融生辉，使每一件器物、每一首诗篇都成为自信与创造力的宣言，让盛唐之美本身即是一部金光璀璨、万方来朝的壮丽史诗。,/images/timeline/tang/sum.png,美学与哲学理念,,,相关文化场景,,,,,,"李泽厚. 美的历程[M]. 北京: 文物出版社, 1981.||向达. 唐代长安与西域文明[M]. 北京: 生活·读书·新知三联书店, 1957.||齐东方. 唐代金银器研究[M]. 北京: 中国社会科学出版社, 1999.||陕西省考古研究院, 法门寺博物馆, 宝鸡市文物局, 等编. 法门寺考古发掘报告[M]. 北京: 文物出版社, 2007.||中国硅酸盐学会, 编. 中国陶瓷史[M]. 北京: 文物出版社, 1982.||陈绶祥. 隋唐绘画史[M]. 北京: 人民美术出版社, 2001.||袁行霈, 主编. 中国文学史: 第二卷[M]. 北京: 高等教育出版社, 1999.||汤用彤. 隋唐佛教史稿[M]. 北京: 中华书局, 1982.||荣新江. 丝绸之路与东西文化交流[M]. 北京: 北京大学出版社, 2015.",,唐,618 - 907,富丽堂皇,兼收并蓄,,,,,,,,,,,,/images/timeline/tang/home.png,张萱《虢国夫人游春图》
timeline,,song,,,,,,宋,,,,,,,,/images/timeline/song/hero.png,,,,,,,,TRUE,,时代导览,“简雅天成·格物致用”是这一时期独具特色的美学总纲，其核心在于以自然天成的气韵和简洁雅致的造物原则，结合探究事物本质并付诸实用的精神，塑造出高度契合生活与思想的审美体系。||所谓“简雅天成”，是指宋代器物与艺术追求去繁就简、形意自然，不以夸饰博人眼目，而在平和、素净之中流露含蓄之美。这种美感源自士大夫阶层的文化引领与社会整体的审美转向，强调自然、精致与耐人寻味的意境。而“格物致用”则出自理学思想，意为通过观察、探究事物之理，获得真知，并将其落实到实际生活与造物实践中。这不仅是一种求知方法，更是一种生活哲学，要求器物既美观又实用，功能与审美相辅相成。||宋代社会在经济繁荣、城市兴起和市民文化发展的背景下，形成了兼容并蓄又追求精雅的文化氛围。士大夫阶层形成了“仕人美学”，将人格修养、文人情趣与日常器用紧密相连，琴棋书画、品茗插花、赏石造园皆成为精神与生活融合的体现。与此同时，佛教禅宗在这一时期广泛影响文艺与生活，形成了“禅宗美学”，强调简淡、留白、空灵与内省，将审美转化为修心的途径。在“格物致用”的方法论下，这些理念相互交织，推动了瓷器、漆器、织绣、文房用具等工艺的发展，使器物兼具深邃的文化意涵与高超的工艺水平。||因此，“简雅天成·格物致用”不仅是宋代美学的集中表达，也是那个时代文化精神的写照——它以理学为根基，以文人雅趣为气质，以禅意之美为滋养，让实用与审美融为一体，使日常生活本身成为一场诗意与哲思交织的艺术实践。,/images/timeline/song/sum.png,美学与哲学理念,,,相关文化场景,,,,,song-jianyangheiyoutuhao-zhan||song-tixiqibing-tuanshan,"李霖灿. 宋代美学思想与艺术风格[M]. 北京: 人民美术出版社, 2005.||朱青生. 中国美术史[M]. 北京: 北京大学出版社, 2010.||宋应离. 宋代工艺美术研究[M]. 杭州: 浙江人民美术出版社, 2008.|| 宋应离. 宋代工艺美术与文人审美关系探析[J]. 装饰, 2007(11): 52-55.|| 陈传席. 宋代艺术精神[M]. 北京: 北京大学出版社, 2015.|| 宋应离. 宋代官窑瓷器艺术赏析[M]. 杭州: 浙江人民美术出版社, 2012.||冯远. 宋代工艺美术文化研究[J]. 中国美术研究, 2013(1): 87-95.|| 黄春平. 宋代艺术的简雅美学与造物精神[J]. 美术观察, 2018(7): 34-37.",,宋,960 - 1279,简雅天成,格物致用,,,,,,,,,,,,/images/timeline/song/home.png,宋徽宗赵佶 文会图 及局部
timeline,,ming,,,,,,明,,,,,,,,/images/timeline/ming/hero.png,,,,,,,,TRUE,,时代导览,“端庄敦厚·精致典雅”是这一时期独具特色的美学总纲，其核心在于以端方正大的造型语言与精谨考究的工艺态度，将礼制秩序、文人趣味与匠艺精神融为一体，塑造出一种沉稳内敛而不失华彩、严谨规整而自具风韵的文化审美体系。||所谓“端庄敦厚”，是指明代艺术与器物追求造型的端方稳重与气度的沉厚从容，不尚奇巧险怪，而在均衡合度之中见出大器风范。明式家具以简练的线条勾勒出严谨的比例，黄花梨圈椅静立一隅，便有堂堂正正之气；永乐青花压手杯胎体厚重、口沿外撇，置于掌中沉稳妥帖，器型与手感和谐统一，尽显敦厚之美。而“精致典雅”则源于明代工匠对材质的深度理解与对细节的极致讲究——榫卯精密而不外露，釉色温润而不张扬，纹饰清丽而不繁缛，于不经意处见功夫，在克制中彰显品格。这种典雅并非简单的形式优美，而是一种渗透了文人修养与书卷气息的高雅趣味，是器物与人格彼此映照的精神境界。||明代在驱除蒙元、恢复汉制的历史背景下，以强烈的文化自觉意识重构礼乐制度与生活美学，形成了既承宋韵又开新局的独特面貌。在社会经济层面，明中后期商品经济的繁荣与资本主义萌芽的出现，使工艺美术的消费群体从宫廷贵族扩展到富庶的市民阶层，苏州、扬州、景德镇等手工业重镇蓬勃兴起，家具、瓷器、漆器、织锦、铜炉等品类在市场竞争中精益求精，匠人地位有所提升，名匠辈出。在思想文化层面，程朱理学仍为官方正统，强调秩序与规范，这在明初官窑瓷器与建筑制度中体现为严格的等级与端重的格调；与此同时，心学的兴起与文人阶层的自觉，又催生了一种向内求索、重视性灵的文化氛围——文徵明之画淡雅从容，董其昌之论以“平淡天真”为高，文震亨《长物志》将日常器用纳入审美品鉴的范畴，士人阶层以极大的热情介入器物设计与鉴赏，使“文雅”成为明代美学最具辨识度的底色。在工艺技术层面，郑和下西洋带回的苏麻离青料成就了永宣青花的浓艳深沉，景泰蓝在铜胎掐丝珐琅领域臻于成熟，明式家具将榫卯结构与木材天然纹理发挥到极致，紫砂壶在宜兴勃兴并迅速成为文人案头的清玩雅器——每一项工艺的突破，都并非单纯炫技，而是对材质本性、功能需求与审美理想的深度契合。||因此，“端庄敦厚·精致典雅”不仅是明代美学的集中表达，更是那个时代文化精神的写照——它以恢复华夏正统的礼制理想为根基，以士人阶层的文雅趣味为引领，以匠艺精神与材质之美为支撑，让器物在端方中见灵动、在精微中见大气，使明代造物本身即是一部沉稳而华滋、规整而风雅的无声诗篇。,/images/timeline/ming/sum.png,美学与哲学理念,,,相关文化场景,,,,,,"[明] 文震亨. 长物志[M]. 陈植, 校注. 南京: 江苏科学技术出版社, 1984.||[明] 董其昌. 画禅室随笔[M]. 屠友祥, 校注. 上海: 上海远东出版社, 1999.||[明] 高濂. 遵生八笺[M]. 北京: 人民卫生出版社, 1994.||王世襄. 明式家具研究[M]. 北京: 生活·读书·新知三联书店, 2007.||王世襄, 编著. 明式家具珍赏[M]. 北京: 文物出版社, 2003.||耿宝昌. 明清瓷器鉴定[M]. 北京: 紫禁城出版社, 1993.||中国硅酸盐学会, 编. 中国陶瓷史[M]. 北京: 文物出版社, 1982.||田自秉. 中国工艺美术史[M]. 上海: 东方出版中心, 2010.||钱穆. 中国近三百年学术史[M]. 北京: 中华书局, 1986.||[加] 卜正民. 纵乐的困惑: 明代的商业与文化[M]. 方骏, 王秀丽, 罗天佑, 译. 北京: 生活·读书·新知三联书店, 2004.",,明,1366 - 1644,端庄敦厚,精致典雅,,,,,,,,,,,,/images/timeline/ming/home.png,仇英《汉宫春晓图》
timeline,,qing,,,,,,清,,,,,,,,/images/timeline/qing/hero.png,,,,,,,,TRUE,,时代导览,“繁缛富丽·错彩镂金”是这一时期独具特色的美学总纲，其核心在于以极尽繁复的装饰语言与堆金砌彩的工艺手法，将皇权威仪、吉祥寓意与工匠技艺推向极致，塑造出一种充满视觉冲击力与技艺炫耀色彩的文化审美体系。||所谓“繁缛富丽”，是指清代艺术与器物追求纹饰的层叠密布与场面的奢华铺张，不以空灵简约取胜，而在满密繁复之中见出富贵气象与吉祥祈愿。一器之上，往往雕镂百层、绘饰万端，龙纹、蝠纹、缠枝莲、如意云头层层叠加，不留空白，不留余地，将“满工”之美发挥到极致。而“错彩镂金”则源自传统装饰技艺的终极追求——金、银、铜、珐琅、宝石、螺钿等贵重材质交错并施，以金银为骨、以珠玉为饰，通过镶嵌、鎏金、点翠、雕漆等繁难工艺，使器物表面呈现出光彩流转、层次无穷的视觉效果，将匠人之巧思与皇家之富贵凝于一体。||清代在集中国大一统王朝之大成的格局下，以空前成熟的手工业体系与帝王直接主导的宫廷造办体系，将造物艺术推向了技艺的巅峰。在社会经济层面，康雍乾三朝积累的物质财富与相对稳定的社会秩序，为宫廷工艺与民间工艺的并行繁荣提供了沃土，景德镇御窑厂、苏州织造、江宁织造等皇家工场汇聚全国顶尖匠人，不计工本地专事精制，瓷器、织绣、漆器、珐琅器、玉雕、牙雕等品类皆臻于极盛。在政治文化层面，清廷以“首崇满洲”为国策，同时大力吸纳汉文化传统，形成了满汉合璧、内廷外朝并行的文化格局——一方面，帝王亲自过问器物设计，宫廷审美成为引领潮流的核心力量；另一方面，吉祥图案与民间信仰在康乾盛世中蓬勃发展，器物纹饰被赋予了福禄寿喜、多子多福、吉庆有余等浓厚的世俗寓意，形成了“图必有意、意必吉祥”的装饰传统。在技术交流层面，清代与欧洲通过传教士与广州贸易保持着持续的工艺对话，珐琅彩瓷直接吸收了西洋绘画的明暗法与透视法，圆明园西洋楼将巴洛克与洛可可风格植入东方园林，广州十三行的外销艺术品则以中西合璧的面貌风靡欧洲，使清代工艺在传统体系中透出一缕异域奇光。正是在这三重力量的交汇下，乾隆朝金瓯永固杯以黄金为胎、满嵌珠宝、通体錾花的皇家气派，粉彩百鹿尊以满密纹饰铺陈祥瑞寓意的瑰丽画卷，象牙雕镂空套球以层层透雕穷尽匠心的不可思议，共同构成了一个繁花似锦、金碧辉煌的造物世界。||因此，“繁缛富丽·错彩镂金”不仅是清代美学的集中表达，更是那个时代文化精神的写照——它以康乾盛世积累的丰厚国力为根基，以帝王主导的宫廷审美为引领，以“图必有意、意必吉祥”的民间信仰为底色，让满汉之风与西洋之艺交相辉映，使每一件器物都成为技艺与财富的双重宣言，让清代造物本身即是一部铺锦列绣、金声玉振的奢华篇章。,/images/timeline/qing/sum.png,美学与哲学理念,,,相关文化场景,,,,,,"杨伯达, 主编. 中国美术全集·工艺美术编[M]. 北京: 文物出版社, 1989-1992.||故宫博物院, 中国第一历史档案馆, 编. 清宫造办处档案汇编[M]. 北京: 人民出版社, 2005年起陆续出版.||耿宝昌. 明清瓷器鉴定[M]. 北京: 紫禁城出版社, 1993.||中国硅酸盐学会, 编. 中国陶瓷史[M]. 北京: 文物出版社, 1982.||张丽, 主编. 故宫博物院藏清代珐琅器[M]. 北京: 紫禁城出版社, 2005.||田自秉. 中国工艺美术史[M]. 上海: 东方出版中心, 2010.||沈从文. 中国古代服饰研究[M]. 北京: 商务印书馆, 2011.||方豪. 中西交通史[M]. 上海: 上海人民出版社, 2015.||鞠德源. 清代广州十三行与中西文化交流[J]. 故宫博物院院刊, 1987(1).||王树村. 中国吉祥图案集成[M]. 石家庄: 河北人民出版社, 1992.",,清,1636 - 1912,繁缛富丽,错彩镂金,,,,,,,,,,,,/images/timeline/qing/home.png,恽寿平《牡丹图》
